latitude,longitude,brightness,scan,track,acq_date,acq_time,satellite,instrument,confidence,version,bright_t31,frp,daynight
-20.73145,140.04477,338.03,1.31,1.13,2021-12-10,0104,Terra,MODIS,76,6.1NRT,313.34,28.45,D
-20.73637,140.08296,338.03,1.31,1.14,2021-12-10,0104,Terra,MODIS,79,6.1NRT,312.05,31.12,D
-20.72692,140.02576,350.54,1.31,1.13,2021-12-10,0104,Terra,MODIS,93,6.1NRT,311.29,66.2,D
-20.72847,140.03833,347.38,1.31,1.13,2021-12-10,0104,Terra,MODIS,90,6.1NRT,313.29,53.95,D
-20.73315,140.07664,338.7,1.31,1.14,2021-12-10,0104,Terra,MODIS,80,6.1NRT,313.35,31.96,D
-20.73711,140.02411,337.69,1.31,1.13,2021-12-10,0104,Terra,MODIS,79,6.1NRT,312.47,31.87,D
-20.74341,140.07527,335.42,1.31,1.14,2021-12-10,0104,Terra,MODIS,72,6.1NRT,313.23,23.63,D
-20.74732,140.02269,332.09,1.31,1.13,2021-12-10,0104,Terra,MODIS,46,6.1NRT,310.71,19.32,D
-20.76932,140.03244,332.13,1.31,1.13,2021-12-10,0104,Terra,MODIS,62,6.1NRT,310.93,22.1,D
-20.92662,140.86572,331.15,1.48,1.2,2021-12-10,0104,Terra,MODIS,60,6.1NRT,316.23,15.91,D
-20.67019,140.05383,343.11,1.31,1.13,2021-12-10,0104,Terra,MODIS,86,6.1NRT,311.28,47.94,D
-20.67174,140.06624,343.8,1.31,1.14,2021-12-10,0104,Terra,MODIS,86,6.1NRT,312.27,48.7,D
-20.6804,140.05234,336.61,1.31,1.13,2021-12-10,0104,Terra,MODIS,76,6.1NRT,313.51,30.35,D
-20.68197,140.06482,359.25,1.31,1.14,2021-12-10,0104,Terra,MODIS,99,6.1NRT,315.68,98.65,D
-20.69219,140.06334,335.78,1.31,1.14,2021-12-10,0104,Terra,MODIS,75,6.1NRT,313.6,26.3,D
-20.71958,140.03334,334.68,1.31,1.13,2021-12-10,0104,Terra,MODIS,71,6.1NRT,311.16,25.1,D
-20.72821,140.01967,339.47,1.3,1.13,2021-12-10,0104,Terra,MODIS,81,6.1NRT,309.88,36.58,D
-20.72977,140.03183,355.07,1.31,1.13,2021-12-10,0104,Terra,MODIS,96,6.1NRT,312.89,81.26,D
-20.73469,140.06998,333.81,1.31,1.14,2021-12-10,0104,Terra,MODIS,66,6.1NRT,314.24,20.13,D
-16.25254,137.47726,393.58,1,1,2021-12-10,0104,Terra,MODIS,75,6.1NRT,315.15,203.59,D
-16.2539,137.48656,383.18,1,1,2021-12-10,0104,Terra,MODIS,87,6.1NRT,316.79,152.6,D
-16.25527,137.49586,361.73,1,1,2021-12-10,0104,Terra,MODIS,87,6.1NRT,314.76,74.87,D
-16.25664,137.50516,358.3,1,1,2021-12-10,0104,Terra,MODIS,86,6.1NRT,314.76,63.13,D
-16.258,137.51445,361.45,1,1,2021-12-10,0104,Terra,MODIS,75,6.1NRT,314.13,70,D
-16.25937,137.52374,370.95,1,1,2021-12-10,0104,Terra,MODIS,87,6.1NRT,314.36,97.18,D
-16.26073,137.53304,343.21,1,1,2021-12-10,0104,Terra,MODIS,72,6.1NRT,309.66,26.22,D
-16.27571,137.63527,337.46,1,1,2021-12-10,0104,Terra,MODIS,58,6.1NRT,310.32,18.75,D
-16.27707,137.64458,341.83,1,1,2021-12-10,0104,Terra,MODIS,66,6.1NRT,309.56,26.71,D
-16.25879,137.45731,343.51,1,1,2021-12-10,0104,Terra,MODIS,88,6.1NRT,298.55,37.01,D
-16.26015,137.4666,414.9,1,1,2021-12-10,0104,Terra,MODIS,100,6.1NRT,308.24,340.77,D
-16.26152,137.47589,402.99,1,1,2021-12-10,0104,Terra,MODIS,100,6.1NRT,311.15,257.68,D
-16.26289,137.48518,387.15,1,1,2021-12-10,0104,Terra,MODIS,100,6.1NRT,313.46,170.99,D
-16.26425,137.49448,364.63,1,1,2021-12-10,0104,Terra,MODIS,100,6.1NRT,312.99,82.74,D
-16.26562,137.50377,356.68,1,1,2021-12-10,0104,Terra,MODIS,98,6.1NRT,312.45,58.78,D
-16.26698,137.51306,353.73,1,1,2021-12-10,0104,Terra,MODIS,96,6.1NRT,312.45,49.44,D
-16.26835,137.52235,356.94,1,1,2021-12-10,0104,Terra,MODIS,98,6.1NRT,312.88,56,D
-16.26971,137.53165,362.39,1,1,2021-12-10,0104,Terra,MODIS,100,6.1NRT,311.7,69.84,D
-16.28605,137.64319,336.02,1,1,2021-12-10,0104,Terra,MODIS,81,6.1NRT,308.43,18.27,D
-16.27187,137.4838,349.67,1,1,2021-12-10,0104,Terra,MODIS,93,6.1NRT,306.99,47.09,D
-16.27324,137.49309,371.59,1,1,2021-12-10,0104,Terra,MODIS,100,6.1NRT,314.41,104.82,D
-16.2746,137.50238,368.73,1,1,2021-12-10,0104,Terra,MODIS,100,6.1NRT,315.45,92.62,D
-16.27597,137.51167,355.17,1,1,2021-12-10,0104,Terra,MODIS,97,6.1NRT,312.44,52.55,D
-16.27733,137.52098,349.08,1,1,2021-12-10,0104,Terra,MODIS,93,6.1NRT,310.86,39.13,D
-12.80546,143.04317,314.49,1.62,1.25,2021-12-10,0104,Terra,MODIS,43,6.1NRT,294.89,14.79,D
-15.14135,135.51196,337.84,1.13,1.06,2021-12-10,0104,Terra,MODIS,85,6.1NRT,289.03,27.82,D
-15.15086,135.51042,349.67,1.13,1.06,2021-12-10,0104,Terra,MODIS,94,6.1NRT,294.58,53.23,D
-15.15251,135.52086,335.01,1.13,1.06,2021-12-10,0104,Terra,MODIS,66,6.1NRT,293.24,21.47,D
-15.56952,135.95068,353.65,1.08,1.04,2021-12-10,0104,Terra,MODIS,96,6.1NRT,306.06,59.2,D
-16.24007,137.45671,327.49,1,1,2021-12-10,0104,Terra,MODIS,41,6.1NRT,298.41,12.05,D
-16.24144,137.466,466.83,1,1,2021-12-10,0104,Terra,MODIS,100,6.1NRT,323.39,939.73,D
-16.24281,137.4753,426.27,1,1,2021-12-10,0104,Terra,MODIS,100,6.1NRT,319.37,433.13,D
-16.24417,137.48459,408.38,1,1,2021-12-10,0104,Terra,MODIS,100,6.1NRT,316.23,288.2,D
-16.24554,137.49388,429.47,1,1,2021-12-10,0104,Terra,MODIS,100,6.1NRT,321.32,461.5,D
-16.2469,137.50317,392.31,1,1,2021-12-10,0104,Terra,MODIS,100,6.1NRT,314.01,191.47,D
-16.24827,137.51247,383.02,1,1,2021-12-10,0104,Terra,MODIS,100,6.1NRT,312.14,147.49,D
-16.24963,137.52176,343.77,1,1,2021-12-10,0104,Terra,MODIS,89,6.1NRT,308.95,32.47,D
-16.26735,137.64256,358.34,1,1,2021-12-10,0104,Terra,MODIS,99,6.1NRT,308.45,67.35,D
-16.25117,137.46797,389.33,1,1,2021-12-10,0104,Terra,MODIS,75,6.1NRT,311.12,183.55,D
-16.2787,137.53027,413.51,1,1,2021-12-10,0104,Terra,MODIS,100,6.1NRT,318.25,320.16,D
-16.28006,137.53957,376.3,1,1,2021-12-10,0104,Terra,MODIS,100,6.1NRT,313.44,114.74,D
-16.28142,137.54886,333.43,1,1,2021-12-10,0104,Terra,MODIS,60,6.1NRT,310.02,9.57,D
-16.27948,137.47311,367.78,1,1,2021-12-10,0104,Terra,MODIS,100,6.1NRT,306,94.78,D
-16.28085,137.48242,420.68,1,1,2021-12-10,0104,Terra,MODIS,100,6.1NRT,318.85,386.44,D
-16.28222,137.49171,411.89,1,1,2021-12-10,0104,Terra,MODIS,100,6.1NRT,323.5,314.35,D
-16.28358,137.50101,411.21,1,1,2021-12-10,0104,Terra,MODIS,100,6.1NRT,322.51,307.37,D
-16.28495,137.5103,386.79,1,1,2021-12-10,0104,Terra,MODIS,100,6.1NRT,317.21,161.92,D
-16.28631,137.51959,338.26,1,1,2021-12-10,0104,Terra,MODIS,83,6.1NRT,313,17.66,D
-16.28768,137.52888,335.21,1,1,2021-12-10,0104,Terra,MODIS,76,6.1NRT,312.3,12.15,D
-16.28847,137.47174,360.48,1,1,2021-12-10,0104,Terra,MODIS,100,6.1NRT,309.33,72.76,D
-16.28983,137.48103,392.92,1,1,2021-12-10,0104,Terra,MODIS,100,6.1NRT,313.58,197.4,D
-16.2912,137.49033,398.8,1,1,2021-12-10,0104,Terra,MODIS,100,6.1NRT,312.95,227.06,D
-16.29257,137.49962,376.54,1,1,2021-12-10,0104,Terra,MODIS,100,6.1NRT,311.31,119.14,D
-16.29393,137.50891,342.41,1,1,2021-12-10,0104,Terra,MODIS,87,6.1NRT,310.46,26.09,D
-16.2953,137.5182,337.35,1,1,2021-12-10,0104,Terra,MODIS,82,6.1NRT,311.21,16.28,D
-16.31436,137.64836,345.93,1,1,2021-12-10,0104,Terra,MODIS,90,6.1NRT,310.15,34.23,D
-16.31572,137.65767,343.11,1,1,2021-12-10,0104,Terra,MODIS,88,6.1NRT,308.7,30.53,D
-16.29608,137.46106,387.76,1,1,2021-12-10,0104,Terra,MODIS,100,6.1NRT,307.29,172.56,D
-16.29745,137.47035,476.43,1,1,2021-12-10,0104,Terra,MODIS,100,6.1NRT,333.57,1101.76,D
-16.29881,137.47964,429.71,1,1,2021-12-10,0104,Terra,MODIS,100,6.1NRT,323.81,465.04,D
-16.30018,137.48894,367.59,1,1,2021-12-10,0104,Terra,MODIS,100,6.1NRT,312.21,89.2,D
-16.30155,137.49825,364.85,1,1,2021-12-10,0104,Terra,MODIS,100,6.1NRT,311.96,78.75,D
-16.30291,137.50754,361.48,1,1,2021-12-10,0104,Terra,MODIS,100,6.1NRT,312.36,68.61,D
-16.30428,137.51683,346.23,1,1,2021-12-10,0104,Terra,MODIS,91,6.1NRT,309.69,32.82,D
-16.32607,137.66559,345.74,1,1,2021-12-10,0104,Terra,MODIS,90,6.1NRT,310.23,35.72,D
-16.30506,137.45967,360.61,1,1,2021-12-10,0104,Terra,MODIS,100,6.1NRT,301.9,70.79,D
-16.30643,137.46896,435.17,1,1,2021-12-10,0104,Terra,MODIS,100,6.1NRT,311.55,519.27,D
-16.3078,137.47827,471.48,1,1,2021-12-10,0104,Terra,MODIS,100,6.1NRT,336.03,1011.58,D
-16.30916,137.48756,430.48,1,1,2021-12-10,0104,Terra,MODIS,100,6.1NRT,331.49,470.45,D
-16.31053,137.49686,375.51,1,1,2021-12-10,0104,Terra,MODIS,100,6.1NRT,318.89,115.18,D
-16.3119,137.50615,354.11,1,1,2021-12-10,0104,Terra,MODIS,96,6.1NRT,312.94,49.49,D
-16.31326,137.51544,339.87,1,1,2021-12-10,0104,Terra,MODIS,85,6.1NRT,308.76,21.51,D
-16.32417,137.58981,348.56,1,1,2021-12-10,0104,Terra,MODIS,92,6.1NRT,313.32,35.07,D
-16.33369,137.65491,334.48,1,1,2021-12-10,0104,Terra,MODIS,34,6.1NRT,311.52,12.52,D
-16.33505,137.66422,351.14,1,1,2021-12-10,0104,Terra,MODIS,94,6.1NRT,310.29,45.09,D
-16.33641,137.67351,329.72,1,1,2021-12-10,0104,Terra,MODIS,51,6.1NRT,307.57,10.42,D
-16.31678,137.47688,400.62,1,1,2021-12-10,0104,Terra,MODIS,100,6.1NRT,309.47,236.87,D
-16.31815,137.48618,441.68,1,1,2021-12-10,0104,Terra,MODIS,100,6.1NRT,318.13,589.11,D
-16.31951,137.49547,425.7,1,1,2021-12-10,0104,Terra,MODIS,100,6.1NRT,316.39,424.7,D
-16.32088,137.50478,386.92,1,1,2021-12-10,0104,Terra,MODIS,100,6.1NRT,312.47,163.42,D
-16.32224,137.51407,347.44,1,1,2021-12-10,0104,Terra,MODIS,92,6.1NRT,309.81,37.5,D
-16.33315,137.58844,336.41,1,1,2021-12-10,0104,Terra,MODIS,79,6.1NRT,312.14,13.8,D
-16.33451,137.59773,349.45,1,1,2021-12-10,0104,Terra,MODIS,93,6.1NRT,313.09,36.94,D
-16.34268,137.65353,350.21,1,1,2021-12-10,0104,Terra,MODIS,94,6.1NRT,311.64,40.71,D
-16.3435,137.59636,342.48,1,1,2021-12-10,0104,Terra,MODIS,88,6.1NRT,313.88,23.53,D
-16.34486,137.60565,336.18,1,1,2021-12-10,0104,Terra,MODIS,56,6.1NRT,312.79,12.5,D
-16.35112,137.58568,347.97,1,1,2021-12-10,0104,Terra,MODIS,92,6.1NRT,313.1,35.21,D
-16.35248,137.59499,354.62,1,1,2021-12-10,0104,Terra,MODIS,96,6.1NRT,313.22,48.97,D
-16.35112,137.52219,329.34,1,1,2021-12-10,0104,Terra,MODIS,58,6.1NRT,306.83,11.62,D
-16.37372,137.61378,333.13,1,1,2021-12-10,0104,Terra,MODIS,67,6.1NRT,313.09,12.98,D
-16.91515,138.76611,344.8,1.05,1.02,2021-12-10,0104,Terra,MODIS,91,6.1NRT,306.03,33,D
-16.91651,138.77591,337.19,1.05,1.02,2021-12-10,0104,Terra,MODIS,79,6.1NRT,309.4,17.65,D
-16.92298,138.75497,358.98,1.05,1.02,2021-12-10,0104,Terra,MODIS,99,6.1NRT,307.09,69.83,D
-16.92435,138.76476,423.66,1.05,1.02,2021-12-10,0104,Terra,MODIS,100,6.1NRT,315.95,435.4,D
-16.92571,138.77455,343.48,1.05,1.02,2021-12-10,0104,Terra,MODIS,81,6.1NRT,306.42,27.66,D
-16.93081,138.74384,356.72,1.05,1.02,2021-12-10,0104,Terra,MODIS,98,6.1NRT,305.77,66.56,D
-16.93217,138.75362,454.46,1.05,1.02,2021-12-10,0104,Terra,MODIS,100,6.1NRT,325.19,806.96,D
-16.93354,138.7634,402.55,1.05,1.02,2021-12-10,0104,Terra,MODIS,100,6.1NRT,314.81,266.7,D
-16.93491,138.77319,368.93,1.05,1.02,2021-12-10,0104,Terra,MODIS,100,6.1NRT,306.82,98.32,D
-16.94137,138.75226,338.03,1.05,1.02,2021-12-10,0104,Terra,MODIS,63,6.1NRT,306,25.11,D
-16.94781,138.73135,354.34,1.05,1.02,2021-12-10,0104,Terra,MODIS,97,6.1NRT,302.98,61.77,D
-16.94919,138.74112,386.29,1.05,1.02,2021-12-10,0104,Terra,MODIS,100,6.1NRT,311.43,177.17,D
-16.95056,138.7509,403.13,1.05,1.02,2021-12-10,0104,Terra,MODIS,100,6.1NRT,314.97,273.74,D
-16.95193,138.76068,356.24,1.05,1.02,2021-12-10,0104,Terra,MODIS,98,6.1NRT,304.79,62.22,D
-16.95331,138.77048,332.31,1.05,1.02,2021-12-10,0104,Terra,MODIS,79,6.1NRT,301.27,14.96,D
-16.95838,138.73976,372.32,1.05,1.02,2021-12-10,0104,Terra,MODIS,100,6.1NRT,309.56,117.26,D
-16.95975,138.74954,388.53,1.05,1.02,2021-12-10,0104,Terra,MODIS,100,6.1NRT,311.16,187.94,D
-16.96113,138.75934,347.95,1.05,1.02,2021-12-10,0104,Terra,MODIS,93,6.1NRT,302.2,43.74,D
-16.96251,138.76913,329.77,1.05,1.02,2021-12-10,0104,Terra,MODIS,55,6.1NRT,299.08,12.52,D
-16.89789,138.05757,338.96,1.01,1.01,2021-12-10,0104,Terra,MODIS,85,6.1NRT,307.77,25.74,D
-16.89924,138.067,341.39,1.01,1.01,2021-12-10,0104,Terra,MODIS,88,6.1NRT,306.03,29.43,D
-16.90558,138.04677,334.52,1.01,1.01,2021-12-10,0104,Terra,MODIS,82,6.1NRT,307.07,19.36,D
-16.90693,138.0562,336.8,1.01,1.01,2021-12-10,0104,Terra,MODIS,84,6.1NRT,306.68,21.81,D
-16.91233,138.09396,336.41,1.01,1.01,2021-12-10,0104,Terra,MODIS,84,6.1NRT,305.92,20.11,D
-16.91368,138.10342,334.97,1.01,1.01,2021-12-10,0104,Terra,MODIS,83,6.1NRT,307.07,17.99,D
-16.92272,138.10205,340.72,1.01,1.01,2021-12-10,0104,Terra,MODIS,88,6.1NRT,304.46,28.59,D
-16.92407,138.11151,330.33,1.01,1.01,2021-12-10,0104,Terra,MODIS,67,6.1NRT,304.91,13.45,D
-17.01493,138.75543,337.11,1.05,1.02,2021-12-10,0104,Terra,MODIS,85,6.1NRT,296.78,29.87,D
-17.01629,138.76524,335.26,1.05,1.02,2021-12-10,0104,Terra,MODIS,83,6.1NRT,296.17,27.4,D
-17.92253,143.48935,321.76,2.07,1.4,2021-12-10,0104,Terra,MODIS,53,6.1NRT,301.28,20.12,D
-17.92479,143.50896,328.39,2.08,1.4,2021-12-10,0104,Terra,MODIS,74,6.1NRT,302.22,39.65,D
-17.93742,143.50735,326.53,2.08,1.4,2021-12-10,0104,Terra,MODIS,63,6.1NRT,304.79,30.75,D
-17.93896,143.5015,325.92,2.08,1.4,2021-12-10,0104,Terra,MODIS,60,6.1NRT,304.5,27.3,D
-17.73204,138.36023,367.69,1.03,1.02,2021-12-10,0104,Terra,MODIS,100,6.1NRT,312.38,95.9,D
-17.73341,138.36993,348.44,1.03,1.02,2021-12-10,0104,Terra,MODIS,92,6.1NRT,313.39,39.86,D
-17.74118,138.35889,354.29,1.03,1.02,2021-12-10,0104,Terra,MODIS,96,6.1NRT,309.48,60.85,D
-17.74943,138.41719,332.48,1.04,1.02,2021-12-10,0104,Terra,MODIS,31,6.1NRT,310.62,14.32,D
-17.74894,138.34785,346.66,1.03,1.02,2021-12-10,0104,Terra,MODIS,91,6.1NRT,300.92,48.39,D
-17.75031,138.35754,346.84,1.03,1.02,2021-12-10,0104,Terra,MODIS,91,6.1NRT,301.41,46.81,D
-17.75169,138.36726,349.13,1.03,1.02,2021-12-10,0104,Terra,MODIS,73,6.1NRT,304.92,47.8,D
-17.75307,138.37697,342.58,1.04,1.02,2021-12-10,0104,Terra,MODIS,71,6.1NRT,305.75,32.42,D
-17.76901,138.36819,372.41,1.04,1.02,2021-12-10,0104,Terra,MODIS,100,6.1NRT,304.28,114.19,D
-17.77037,138.37791,345.96,1.04,1.02,2021-12-10,0104,Terra,MODIS,90,6.1NRT,301.22,37.76,D
-17.77173,138.38763,328.95,1.04,1.02,2021-12-10,0104,Terra,MODIS,37,6.1NRT,299.22,8.75,D
-17.77815,138.36682,354.67,1.04,1.02,2021-12-10,0104,Terra,MODIS,96,6.1NRT,301.49,61.53,D
-17.77951,138.37654,326.53,1.04,1.02,2021-12-10,0104,Terra,MODIS,43,6.1NRT,296.56,8.66,D
-17.85244,137.85011,334.6,1.01,1.01,2021-12-10,0104,Terra,MODIS,53,6.1NRT,316.58,12.47,D
-17.92525,137.91026,335.94,1.01,1.01,2021-12-10,0104,Terra,MODIS,78,6.1NRT,318.02,16.67,D
-17.92661,137.91977,339.8,1.01,1.01,2021-12-10,0104,Terra,MODIS,83,6.1NRT,316.19,23.07,D
-18.55752,142.01912,352.8,1.65,1.26,2021-12-10,0104,Terra,MODIS,95,6.1NRT,314.79,99.47,D
-18.58219,142.0318,343.38,1.65,1.26,2021-12-10,0104,Terra,MODIS,66,6.1NRT,314.87,50.41,D
-18.59359,142.03035,342.88,1.65,1.26,2021-12-10,0104,Terra,MODIS,61,6.1NRT,313.55,49.32,D
-18.5955,142.04597,338.67,1.66,1.27,2021-12-10,0104,Terra,MODIS,41,6.1NRT,318.71,30.15,D
-18.60499,142.0289,348.38,1.65,1.26,2021-12-10,0104,Terra,MODIS,77,6.1NRT,315.94,69.48,D
-18.60692,142.04453,350.43,1.66,1.27,2021-12-10,0104,Terra,MODIS,93,6.1NRT,318.15,75.01,D
-18.61272,142.09164,337.23,1.67,1.27,2021-12-10,0104,Terra,MODIS,43,6.1NRT,318.87,22.5,D
-18.61467,142.10744,337.23,1.68,1.27,2021-12-10,0104,Terra,MODIS,79,6.1NRT,318.44,24.8,D
-18.59326,142.0399,343.01,1.66,1.27,2021-12-10,0104,Terra,MODIS,56,6.1NRT,317.37,44.94,D
-18.60467,142.03842,356.75,1.66,1.27,2021-12-10,0104,Terra,MODIS,98,6.1NRT,317.59,109.17,D
-18.61197,142.10138,338.33,1.68,1.27,2021-12-10,0104,Terra,MODIS,83,6.1NRT,318.76,30.54,D
-18.99064,144.68445,325.2,2.64,1.56,2021-12-10,0104,Terra,MODIS,63,6.1NRT,309.18,34.49,D
-18.99521,144.6786,324.53,2.64,1.56,2021-12-10,0104,Terra,MODIS,56,6.1NRT,310.15,30.22,D
-18.917,142.27391,331.19,1.74,1.29,2021-12-10,0104,Terra,MODIS,72,6.1NRT,315.22,23.05,D
-19.19539,143.15239,332.22,2.04,1.39,2021-12-10,0104,Terra,MODIS,62,6.1NRT,310.78,41.84,D
-19.19765,143.17178,341.42,2.04,1.39,2021-12-10,0104,Terra,MODIS,87,6.1NRT,310.09,85,D
-19.19882,143.16588,343.9,2.04,1.39,2021-12-10,0104,Terra,MODIS,89,6.1NRT,311.5,96.84,D
-19.46924,143.16068,334.72,2.06,1.4,2021-12-10,0104,Terra,MODIS,78,6.1NRT,312.57,51.2,D
-19.47148,143.18008,333.81,2.07,1.4,2021-12-10,0104,Terra,MODIS,79,6.1NRT,310.21,51.23,D
-19.46369,143.09579,327.39,2.04,1.39,2021-12-10,0104,Terra,MODIS,46,6.1NRT,312.28,22.51,D
-19.4721,143.17329,341.35,2.07,1.4,2021-12-10,0104,Terra,MODIS,87,6.1NRT,311.31,87.01,D
-19.48048,143.13304,333.94,2.05,1.39,2021-12-10,0104,Terra,MODIS,79,6.1NRT,312.34,46.78,D
-19.74453,145.25562,320.47,2.99,1.64,2021-12-10,0104,Terra,MODIS,34,6.1NRT,305.62,28.9,D
-19.55679,143.24327,332.04,2.09,1.41,2021-12-10,0104,Terra,MODIS,68,6.1NRT,310.88,43.11,D
-19.74438,145.2504,321.75,2.99,1.64,2021-12-10,0104,Terra,MODIS,36,6.1NRT,305.55,33.65,D
-19.55709,143.23776,330.6,2.09,1.41,2021-12-10,0104,Terra,MODIS,74,6.1NRT,311.36,36.72,D
-19.09828,139.29944,335.34,1.15,1.07,2021-12-10,0104,Terra,MODIS,49,6.1NRT,315.23,19.36,D
-19.09973,139.31038,345.65,1.15,1.07,2021-12-10,0104,Terra,MODIS,89,6.1NRT,316.79,40.59,D
-19.10643,139.28711,328.73,1.14,1.07,2021-12-10,0104,Terra,MODIS,30,6.1NRT,312.31,10.99,D
-19.10932,139.30894,333.04,1.15,1.07,2021-12-10,0104,Terra,MODIS,66,6.1NRT,313.28,16.84,D
-19.12593,139.14189,328.41,1.13,1.06,2021-12-10,0104,Terra,MODIS,39,6.1NRT,313.46,9.65,D
-19.12739,139.15271,329.81,1.13,1.06,2021-12-10,0104,Terra,MODIS,46,6.1NRT,313.86,11.44,D
-17.77405,126.45866,327.01,4.34,1.92,2021-12-10,0104,Terra,MODIS,71,6.1NRT,296.49,118.18,D
-17.77497,126.45128,326.33,4.34,1.92,2021-12-10,0104,Terra,MODIS,69,6.1NRT,296.61,111.15,D
-20.43997,139.91484,343.67,1.28,1.12,2021-12-10,0104,Terra,MODIS,86,6.1NRT,308.28,53.17,D
-20.44841,139.90776,361.61,1.28,1.12,2021-12-10,0104,Terra,MODIS,100,6.1NRT,311.15,107.18,D
-20.44994,139.92001,440.74,1.28,1.12,2021-12-10,0104,Terra,MODIS,100,6.1NRT,325.75,832.74,D
-20.45148,139.9324,346.75,1.28,1.12,2021-12-10,0104,Terra,MODIS,86,6.1NRT,311.38,53.04,D
-20.46003,139.9185,339.98,1.28,1.12,2021-12-10,0104,Terra,MODIS,79,6.1NRT,311.83,37.31,D
-20.46471,139.95589,334.15,1.28,1.12,2021-12-10,0104,Terra,MODIS,17,6.1NRT,311.73,22.39,D
-20.50748,139.88756,336.49,1.27,1.12,2021-12-10,0104,Terra,MODIS,63,6.1NRT,312.88,29.89,D
-20.52765,139.88463,340.48,1.27,1.12,2021-12-10,0104,Terra,MODIS,74,6.1NRT,311.19,36.77,D
-20.52588,139.87842,336.41,1.27,1.12,2021-12-10,0104,Terra,MODIS,71,6.1NRT,309.42,27.92,D
-20.53597,139.87704,333.68,1.27,1.12,2021-12-10,0104,Terra,MODIS,63,6.1NRT,310.95,23.57,D
-20.54209,139.92616,331.15,1.28,1.12,2021-12-10,0104,Terra,MODIS,56,6.1NRT,311.18,15.4,D
-20.56542,139.94786,331.51,1.29,1.13,2021-12-10,0104,Terra,MODIS,54,6.1NRT,314.63,16.21,D
-20.6028,139.91743,330.23,1.28,1.12,2021-12-10,0104,Terra,MODIS,51,6.1NRT,312.34,18.48,D
-20.60439,139.92979,329.2,1.28,1.12,2021-12-10,0104,Terra,MODIS,38,6.1NRT,313.08,15.02,D
-20.38367,129.39101,328.35,2.33,1.48,2021-12-10,0106,Terra,MODIS,36,6.1NRT,306.5,29.9,D
-20.39197,129.43488,334.56,2.31,1.47,2021-12-10,0106,Terra,MODIS,78,6.1NRT,307.42,57.88,D
-20.39752,129.31874,331.33,2.36,1.48,2021-12-10,0106,Terra,MODIS,71,6.1NRT,306.67,41.55,D
-20.42895,129.26538,330.65,2.38,1.49,2021-12-10,0106,Terra,MODIS,60,6.1NRT,304.65,41.81,D
-20.40578,129.31093,339.29,2.36,1.48,2021-12-10,0106,Terra,MODIS,84,6.1NRT,306.69,82.12,D
-20.42365,129.26051,328.83,2.38,1.49,2021-12-10,0106,Terra,MODIS,47,6.1NRT,305.26,33.69,D
-25.05195,145.80824,320.69,3.8,1.82,2021-12-10,0106,Terra,MODIS,49,6.1NRT,306.26,56.62,D
-20.42796,129.28294,328.18,2.37,1.49,2021-12-10,0106,Terra,MODIS,47,6.1NRT,304.28,31.02,D
-32.68182,122.99477,319.59,3.32,1.72,2021-12-10,0109,Terra,MODIS,41,6.1NRT,303.33,43.58,D
-19.87651,122.18085,336.06,3.97,1.85,2021-12-10,0245,Terra,MODIS,75,6.1NRT,308.78,119.24,D
-23.43827,115.02588,336.41,1.36,1.15,2021-12-10,0245,Terra,MODIS,71,6.1NRT,320.75,20.8,D
-23.44868,115.02442,333.04,1.36,1.15,2021-12-10,0245,Terra,MODIS,44,6.1NRT,320.34,13.99,D
-19.56596,122.15846,333.43,3.92,1.84,2021-12-10,0245,Terra,MODIS,85,6.1NRT,306.67,101.22,D
-19.57092,122.15099,329.39,3.92,1.84,2021-12-10,0245,Terra,MODIS,71,6.1NRT,306.89,62.07,D
-19.86804,122.14894,335.21,3.95,1.85,2021-12-10,0245,Terra,MODIS,87,6.1NRT,308.25,109.02,D
-19.87153,122.18675,334.81,3.97,1.85,2021-12-10,0245,Terra,MODIS,86,6.1NRT,308.85,104.33,D
-19.87326,122.14304,330.97,3.95,1.85,2021-12-10,0245,Terra,MODIS,61,6.1NRT,307.6,67.2,D
-20.51587,119.98569,345.74,2.78,1.59,2021-12-10,0245,Terra,MODIS,88,6.1NRT,305.87,147,D
-20.53028,119.9842,332.17,2.78,1.59,2021-12-10,0245,Terra,MODIS,63,6.1NRT,306.44,45.73,D
-21.08807,119.51521,330.69,2.61,1.55,2021-12-10,0245,Terra,MODIS,45,6.1NRT,303.56,54.66,D
-21.82865,118.99036,331.15,2.44,1.51,2021-12-10,0245,Terra,MODIS,43,6.1NRT,308.85,28.55,D
-21.84469,119.01199,349.95,2.45,1.51,2021-12-10,0245,Terra,MODIS,92,6.1NRT,308.85,144.86,D
-21.83584,118.98292,331.69,2.44,1.51,2021-12-10,0245,Terra,MODIS,41,6.1NRT,309.98,27.88,D
-21.83813,119.00629,346.11,2.45,1.51,2021-12-10,0245,Terra,MODIS,88,6.1NRT,308.99,114.3,D
-21.84041,119.02963,339.76,2.46,1.51,2021-12-10,0245,Terra,MODIS,77,6.1NRT,309.93,76.43,D
-34.08847,115.02094,330.51,1.86,1.33,2021-12-10,0249,Terra,MODIS,42,6.1NRT,300.08,44.47,D
-34.12866,115.05652,337,1.87,1.34,2021-12-10,0249,Terra,MODIS,56,6.1NRT,298.47,66.61,D
-26.97861,150.48592,323.47,1.03,1.01,2021-12-10,0355,Aqua,MODIS,68,6.1NRT,306.88,11.5,D
-26.06573,148.21054,326.29,1.02,1.01,2021-12-10,0355,Aqua,MODIS,75,6.1NRT,304.78,15.68,D
-28.36364,149.05498,330.4,1.01,1,2021-12-10,0355,Aqua,MODIS,77,6.1NRT,312.01,14.23,D
-27.86542,149.52957,319.26,1,1,2021-12-10,0355,Aqua,MODIS,50,6.1NRT,307.16,6.91,D
-27.6311,149.49489,335.43,1,1,2021-12-10,0355,Aqua,MODIS,83,6.1NRT,310.11,23.16,D
-27.63255,149.48477,353.79,1,1,2021-12-10,0355,Aqua,MODIS,96,6.1NRT,311.47,57.48,D
-27.62434,149.47664,338.09,1,1,2021-12-10,0355,Aqua,MODIS,85,6.1NRT,311.64,28.07,D
-27.6258,149.46652,321.9,1,1,2021-12-10,0355,Aqua,MODIS,42,6.1NRT,310.69,6.91,D
-27.20594,150.74071,320.5,1.04,1.02,2021-12-10,0355,Aqua,MODIS,62,6.1NRT,306.28,8.64,D
-27.41278,149.79521,322.76,1,1,2021-12-10,0355,Aqua,MODIS,60,6.1NRT,311.49,6.87,D
-26.98772,150.48769,331.45,1.03,1.01,2021-12-10,0355,Aqua,MODIS,80,6.1NRT,307.47,20.67,D
-17.92202,143.50658,342.17,1.34,1.15,2021-12-10,0357,Aqua,MODIS,87,6.1NRT,308.44,46.04,D
-17.9236,143.494,345.91,1.34,1.15,2021-12-10,0357,Aqua,MODIS,90,6.1NRT,308.77,57.98,D
-23.77525,146.90324,329.63,1.06,1.03,2021-12-10,0357,Aqua,MODIS,72,6.1NRT,304.35,16.78,D
-21.4797,148.40955,339.55,1,1,2021-12-10,0357,Aqua,MODIS,81,6.1NRT,310.55,24.72,D
-20.93003,148.95419,337.88,1.03,1.01,2021-12-10,0357,Aqua,MODIS,86,6.1NRT,303.38,29.86,D
-20.93151,148.94435,328.66,1.03,1.01,2021-12-10,0357,Aqua,MODIS,75,6.1NRT,304.22,15.86,D
-20.47006,148.64745,358.12,1.02,1.01,2021-12-10,0357,Aqua,MODIS,93,6.1NRT,302.69,71.13,D
-20.4715,148.63771,369.78,1.02,1.01,2021-12-10,0357,Aqua,MODIS,100,6.1NRT,306.96,105.77,D
-20.46098,148.64589,330.09,1.02,1.01,2021-12-10,0357,Aqua,MODIS,58,6.1NRT,302.5,17.15,D
-20.46243,148.63615,354.9,1.02,1.01,2021-12-10,0357,Aqua,MODIS,97,6.1NRT,305.26,62.14,D
-20.77033,145.2697,328.91,1.16,1.07,2021-12-10,0357,Aqua,MODIS,43,6.1NRT,310.99,12.41,D
-20.77173,145.25867,340.26,1.16,1.07,2021-12-10,0357,Aqua,MODIS,83,6.1NRT,312.64,32.67,D
-20.76852,145.26393,339.63,1.16,1.07,2021-12-10,0357,Aqua,MODIS,82,6.1NRT,312.9,29.79,D
-20.75887,145.26253,332.62,1.16,1.07,2021-12-10,0357,Aqua,MODIS,69,6.1NRT,312.42,17.1,D
-20.76032,145.25148,329.21,1.16,1.07,2021-12-10,0357,Aqua,MODIS,51,6.1NRT,312.48,11.32,D
-20.16032,147.87134,333.56,1,1,2021-12-10,0357,Aqua,MODIS,74,6.1NRT,305.41,16.81,D
-20.1617,147.8618,327.93,1,1,2021-12-10,0357,Aqua,MODIS,45,6.1NRT,305.2,9.73,D
-20.15133,147.86986,330.04,1,1,2021-12-10,0357,Aqua,MODIS,71,6.1NRT,307.18,10.76,D
-20.45065,145.62375,334.35,1.11,1.05,2021-12-10,0357,Aqua,MODIS,76,6.1NRT,317.8,14.27,D
-20.93293,140.85915,337.12,2.26,1.46,2021-12-10,0357,Aqua,MODIS,75,6.1NRT,321.87,51.25,D
-20.93657,140.85463,333.79,2.26,1.46,2021-12-10,0357,Aqua,MODIS,55,6.1NRT,322.31,32.47,D
-20.0273,146.79391,326.33,1.02,1.01,2021-12-10,0357,Aqua,MODIS,63,6.1NRT,310.56,7.15,D
-20.02864,146.78421,328.89,1.02,1.01,2021-12-10,0357,Aqua,MODIS,70,6.1NRT,311.72,10.51,D
-20.74328,140.04738,334.21,2.58,1.54,2021-12-10,0357,Aqua,MODIS,50,6.1NRT,316.26,54.44,D
-20.74563,140.02347,343.89,2.6,1.55,2021-12-10,0357,Aqua,MODIS,85,6.1NRT,316.6,118.99,D
-20.71305,140.06805,342.14,2.57,1.54,2021-12-10,0357,Aqua,MODIS,83,6.1NRT,317.1,102.67,D
-20.73772,140.04022,337.63,2.58,1.54,2021-12-10,0357,Aqua,MODIS,67,6.1NRT,316.02,73.71,D
-20.74031,140.01555,334.98,2.6,1.55,2021-12-10,0357,Aqua,MODIS,44,6.1NRT,316.17,60.85,D
-20.70736,140.06067,353.76,2.57,1.54,2021-12-10,0357,Aqua,MODIS,95,6.1NRT,317.96,195.6,D
-20.69343,140.05896,336.52,2.57,1.54,2021-12-10,0357,Aqua,MODIS,69,6.1NRT,315.51,68.43,D
-20.67952,140.05713,334.3,2.57,1.54,2021-12-10,0357,Aqua,MODIS,66,6.1NRT,314.9,59.14,D
-20.6631,140.08032,338.99,2.56,1.54,2021-12-10,0357,Aqua,MODIS,78,6.1NRT,314.36,87.93,D
-20.66559,140.05534,360.09,2.57,1.54,2021-12-10,0357,Aqua,MODIS,100,6.1NRT,315.94,265.08,D
-20.65168,140.05347,330.85,2.57,1.54,2021-12-10,0357,Aqua,MODIS,48,6.1NRT,311.37,45.01,D
-20.65824,140.0746,336.09,2.56,1.54,2021-12-10,0357,Aqua,MODIS,73,6.1NRT,313.46,73.47,D
-20.66089,140.04971,334.3,2.57,1.54,2021-12-10,0357,Aqua,MODIS,68,6.1NRT,313.78,62.2,D
-20.48137,139.94684,334.53,2.61,1.55,2021-12-10,0357,Aqua,MODIS,68,6.1NRT,314.76,60.98,D
-20.45559,139.9202,342.32,2.62,1.55,2021-12-10,0357,Aqua,MODIS,80,6.1NRT,313.86,115.65,D
-20.44889,139.93961,338.38,2.61,1.55,2021-12-10,0357,Aqua,MODIS,49,6.1NRT,312.5,87.29,D
-20.4514,139.91527,350.05,2.62,1.55,2021-12-10,0357,Aqua,MODIS,92,6.1NRT,314.41,179.52,D
-19.9654,144.07341,342.43,1.31,1.14,2021-12-10,0357,Aqua,MODIS,85,6.1NRT,315.03,44.13,D
-19.96697,144.06081,334.62,1.31,1.14,2021-12-10,0357,Aqua,MODIS,52,6.1NRT,314.94,25.89,D
-20.43486,139.93813,349.9,2.61,1.55,2021-12-10,0357,Aqua,MODIS,92,6.1NRT,310.43,181.28,D
-20.43734,139.91383,362.83,2.62,1.55,2021-12-10,0357,Aqua,MODIS,100,6.1NRT,313,312.46,D
-20.43998,139.88788,332.47,2.63,1.56,2021-12-10,0357,Aqua,MODIS,19,6.1NRT,311.38,56.03,D
-19.95518,144.07185,332.04,1.31,1.14,2021-12-10,0357,Aqua,MODIS,49,6.1NRT,313.28,19.09,D
-20.42329,139.91226,332.76,2.62,1.55,2021-12-10,0357,Aqua,MODIS,58,6.1NRT,305.52,69.63,D
-19.75781,145.20409,354.82,1.14,1.06,2021-12-10,0357,Aqua,MODIS,96,6.1NRT,316.65,64.47,D
-19.75924,145.19328,332.52,1.14,1.06,2021-12-10,0357,Aqua,MODIS,31,6.1NRT,315.15,15.52,D
-20.133,140.22571,353.79,2.46,1.51,2021-12-10,0357,Aqua,MODIS,95,6.1NRT,316.53,183.38,D
-20.11934,140.22417,337.96,2.46,1.51,2021-12-10,0357,Aqua,MODIS,79,6.1NRT,314.13,70.11,D
-20.10568,140.22258,355.77,2.46,1.51,2021-12-10,0357,Aqua,MODIS,97,6.1NRT,313.73,202.08,D
-20.07838,140.21935,337.59,2.46,1.51,2021-12-10,0357,Aqua,MODIS,78,6.1NRT,312.75,71.58,D
-20.06473,140.21768,332.81,2.46,1.51,2021-12-10,0357,Aqua,MODIS,68,6.1NRT,312.45,45.7,D
-20.08552,140.21532,337.67,2.46,1.51,2021-12-10,0357,Aqua,MODIS,78,6.1NRT,312.18,70.74,D
-20.05822,140.21208,331.1,2.46,1.51,2021-12-10,0357,Aqua,MODIS,62,6.1NRT,312.23,40.14,D
-18.27169,142.62218,338.62,1.55,1.23,2021-12-10,0357,Aqua,MODIS,73,6.1NRT,320.93,33.2,D
-18.26996,142.63678,356.57,1.54,1.22,2021-12-10,0357,Aqua,MODIS,97,6.1NRT,318.88,104.31,D
-18.35813,142.55925,336.74,1.57,1.23,2021-12-10,0357,Aqua,MODIS,77,6.1NRT,320.75,22.27,D
-18.35788,142.56436,335.69,1.57,1.23,2021-12-10,0357,Aqua,MODIS,67,6.1NRT,320.34,18.99,D
-18.53857,141.99434,342.55,1.73,1.29,2021-12-10,0357,Aqua,MODIS,47,6.1NRT,318.84,46.31,D
-18.53669,142.01067,346.02,1.72,1.29,2021-12-10,0357,Aqua,MODIS,74,6.1NRT,318.14,59.26,D
-18.54831,142.01218,348.71,1.72,1.29,2021-12-10,0357,Aqua,MODIS,86,6.1NRT,320.61,69.41,D
-18.23098,145.04037,335.83,1.12,1.05,2021-12-10,0357,Aqua,MODIS,83,6.1NRT,310.49,25.77,D
-18.62343,142.04367,338.05,1.72,1.29,2021-12-10,0357,Aqua,MODIS,39,6.1NRT,321.73,23.52,D
-18.67561,142.19737,344.56,1.68,1.27,2021-12-10,0357,Aqua,MODIS,87,6.1NRT,314.67,65.47,D
-18.53604,143.32507,340.38,1.4,1.17,2021-12-10,0357,Aqua,MODIS,83,6.1NRT,319.31,32.66,D
-18.68709,142.19887,359.01,1.68,1.27,2021-12-10,0357,Aqua,MODIS,99,6.1NRT,316.99,132,D
-18.67328,142.20396,342.43,1.68,1.27,2021-12-10,0357,Aqua,MODIS,84,6.1NRT,312.56,54.75,D
-18.54121,143.33238,340.65,1.4,1.17,2021-12-10,0357,Aqua,MODIS,83,6.1NRT,319.62,35.22,D
-18.68658,142.18956,349.27,1.68,1.27,2021-12-10,0357,Aqua,MODIS,91,6.1NRT,318.88,79.65,D
-18.68476,142.20547,360.17,1.68,1.27,2021-12-10,0357,Aqua,MODIS,100,6.1NRT,314.75,135.12,D
-18.70956,142.19257,365.7,1.68,1.27,2021-12-10,0357,Aqua,MODIS,100,6.1NRT,320.77,164.28,D
-18.70771,142.20848,348.26,1.68,1.27,2021-12-10,0357,Aqua,MODIS,91,6.1NRT,317.02,70.05,D
-18.74011,142.13148,354.95,1.7,1.28,2021-12-10,0357,Aqua,MODIS,96,6.1NRT,323.32,100.54,D
-18.73821,142.14757,339.43,1.69,1.28,2021-12-10,0357,Aqua,MODIS,24,6.1NRT,322.39,31.89,D
-18.75166,142.133,338.42,1.7,1.28,2021-12-10,0357,Aqua,MODIS,44,6.1NRT,321.23,27.97,D
-18.74404,142.19707,339.67,1.68,1.27,2021-12-10,0357,Aqua,MODIS,73,6.1NRT,320.36,34.44,D
-19.11109,139.30219,332.09,2.79,1.6,2021-12-10,0357,Aqua,MODIS,54,6.1NRT,313.13,59.38,D
-19.11283,139.30721,332.33,2.79,1.6,2021-12-10,0357,Aqua,MODIS,65,6.1NRT,312.88,65.9,D
-18.91843,142.26395,338.13,1.67,1.27,2021-12-10,0357,Aqua,MODIS,78,6.1NRT,319.9,33.83,D
-18.80499,143.28575,330.09,1.42,1.18,2021-12-10,0357,Aqua,MODIS,58,6.1NRT,315.42,16.37,D
-18.60332,145.02716,337.63,1.13,1.06,2021-12-10,0357,Aqua,MODIS,83,6.1NRT,311.37,27.48,D
-18.62959,144.89966,336.31,1.15,1.07,2021-12-10,0357,Aqua,MODIS,75,6.1NRT,316.44,20.6,D
-18.61285,145.02855,341.15,1.13,1.06,2021-12-10,0357,Aqua,MODIS,87,6.1NRT,311.82,34.97,D
-18.61146,145.0392,332.18,1.13,1.06,2021-12-10,0357,Aqua,MODIS,77,6.1NRT,312.2,18.97,D
-18.61154,145.40222,360.22,1.09,1.04,2021-12-10,0357,Aqua,MODIS,100,6.1NRT,310.59,83.02,D
-18.61015,145.41252,342.55,1.09,1.04,2021-12-10,0357,Aqua,MODIS,88,6.1NRT,308.55,38.67,D
-18.62091,145.40363,329.21,1.09,1.04,2021-12-10,0357,Aqua,MODIS,71,6.1NRT,310.97,15.81,D
-18.61952,145.41391,338.99,1.09,1.04,2021-12-10,0357,Aqua,MODIS,85,6.1NRT,310.71,30.7,D
-18.87925,143.50345,331.15,1.38,1.16,2021-12-10,0357,Aqua,MODIS,63,6.1NRT,315.03,16.15,D
-18.8776,143.51649,329.58,1.37,1.16,2021-12-10,0357,Aqua,MODIS,55,6.1NRT,314.74,12.78,D
-18.88972,143.50491,344.63,1.38,1.16,2021-12-10,0357,Aqua,MODIS,88,6.1NRT,317.67,47.95,D
-18.88805,143.51801,338.33,1.37,1.16,2021-12-10,0357,Aqua,MODIS,71,6.1NRT,316.26,30.17,D
-18.69917,144.96463,340.61,1.14,1.06,2021-12-10,0357,Aqua,MODIS,86,6.1NRT,313.85,28.91,D
-18.63546,145.43726,329,1.09,1.04,2021-12-10,0357,Aqua,MODIS,71,6.1NRT,310.1,16.04,D
-18.88505,143.51083,356.83,1.38,1.16,2021-12-10,0357,Aqua,MODIS,98,6.1NRT,316.76,90.82,D
-18.70403,144.96103,341.31,1.14,1.06,2021-12-10,0357,Aqua,MODIS,79,6.1NRT,315.12,26.87,D
-18.70263,144.9718,338.17,1.14,1.06,2021-12-10,0357,Aqua,MODIS,62,6.1NRT,311.78,22.74,D
-18.64083,145.4447,328.27,1.09,1.04,2021-12-10,0357,Aqua,MODIS,33,6.1NRT,308.59,12.21,D
-18.89552,143.51228,338.62,1.38,1.16,2021-12-10,0357,Aqua,MODIS,71,6.1NRT,317.05,33.51,D
-18.715,144.95161,346.12,1.14,1.06,2021-12-10,0357,Aqua,MODIS,91,6.1NRT,320.24,34.29,D
-18.71361,144.96239,351.35,1.14,1.06,2021-12-10,0357,Aqua,MODIS,94,6.1NRT,316.26,47.87,D
-18.72459,144.95297,338.78,1.14,1.06,2021-12-10,0357,Aqua,MODIS,75,6.1NRT,318.26,19.1,D
-18.73134,144.97598,334.62,1.14,1.06,2021-12-10,0357,Aqua,MODIS,44,6.1NRT,316.5,18.1,D
-18.75863,144.99091,354.79,1.14,1.06,2021-12-10,0357,Aqua,MODIS,97,6.1NRT,317.41,64.79,D
-18.75722,145.00165,361.79,1.14,1.06,2021-12-10,0357,Aqua,MODIS,100,6.1NRT,315.6,87.76,D
-18.76677,145.0031,337.84,1.14,1.06,2021-12-10,0357,Aqua,MODIS,83,6.1NRT,315.33,25.52,D
-18.75254,145.11002,336.22,1.12,1.06,2021-12-10,0357,Aqua,MODIS,73,6.1NRT,315.18,23.13,D
-18.75111,145.1207,351.47,1.12,1.06,2021-12-10,0357,Aqua,MODIS,94,6.1NRT,310.48,57.83,D
-18.76205,145.11137,329.21,1.12,1.06,2021-12-10,0357,Aqua,MODIS,57,6.1NRT,314.06,13.4,D
-18.76061,145.12209,338.95,1.12,1.06,2021-12-10,0357,Aqua,MODIS,84,6.1NRT,311.41,30.5,D
-18.88989,144.53166,338.29,1.2,1.09,2021-12-10,0357,Aqua,MODIS,83,6.1NRT,317.12,26.72,D
-18.88843,144.54303,337.38,1.2,1.09,2021-12-10,0357,Aqua,MODIS,81,6.1NRT,314.85,24.03,D
-18.8997,144.5331,343.75,1.2,1.09,2021-12-10,0357,Aqua,MODIS,88,6.1NRT,317.89,39.5,D
-18.89824,144.5444,345.61,1.2,1.09,2021-12-10,0357,Aqua,MODIS,90,6.1NRT,315.77,43.69,D
-18.97614,144.65411,339.15,1.19,1.08,2021-12-10,0357,Aqua,MODIS,53,6.1NRT,316.06,23.25,D
-18.98737,144.64427,340.65,1.19,1.08,2021-12-10,0357,Aqua,MODIS,58,6.1NRT,319.88,25.47,D
-18.9859,144.65552,368.82,1.19,1.08,2021-12-10,0357,Aqua,MODIS,100,6.1NRT,318.03,112.36,D
-18.99566,144.65694,337.12,1.19,1.08,2021-12-10,0357,Aqua,MODIS,52,6.1NRT,318.13,19.89,D
-19.20008,143.16069,345.95,1.46,1.2,2021-12-10,0357,Aqua,MODIS,79,6.1NRT,316.18,53.66,D
-19.20923,143.17596,341.76,1.46,1.19,2021-12-10,0357,Aqua,MODIS,46,6.1NRT,318.39,40.68,D
-19.20756,143.19,340.03,1.46,1.19,2021-12-10,0357,Aqua,MODIS,56,6.1NRT,311.79,40.65,D
-19.22001,143.17734,363.79,1.46,1.19,2021-12-10,0357,Aqua,MODIS,100,6.1NRT,323.99,126.42,D
-19.21834,143.1913,402.17,1.46,1.19,2021-12-10,0357,Aqua,MODIS,100,6.1NRT,324.2,426.05,D
-19.24323,143.1664,336.09,1.46,1.2,2021-12-10,0357,Aqua,MODIS,48,6.1NRT,320.63,21.52,D
-19.25401,143.16785,332.81,1.46,1.2,2021-12-10,0357,Aqua,MODIS,53,6.1NRT,318.5,15.47,D
-19.23831,143.61096,341.04,1.37,1.16,2021-12-10,0357,Aqua,MODIS,73,6.1NRT,320.54,32.09,D
-19.28708,143.81474,328.95,1.33,1.14,2021-12-10,0357,Aqua,MODIS,52,6.1NRT,314.74,11.75,D
-19.43165,143.11838,331.5,1.48,1.2,2021-12-10,0357,Aqua,MODIS,43,6.1NRT,316.43,14.95,D
-19.45852,143.07884,339.55,1.49,1.21,2021-12-10,0357,Aqua,MODIS,81,6.1NRT,318.63,33.92,D
-19.45679,143.09305,341.04,1.49,1.21,2021-12-10,0357,Aqua,MODIS,72,6.1NRT,318.78,35.88,D
-19.46804,143.18079,347.12,1.47,1.2,2021-12-10,0357,Aqua,MODIS,89,6.1NRT,314.66,59.39,D
-19.47283,143.17392,348.64,1.47,1.2,2021-12-10,0357,Aqua,MODIS,91,6.1NRT,316.89,63.4,D
-19.47119,143.1879,338.13,1.47,1.2,2021-12-10,0357,Aqua,MODIS,54,6.1NRT,314.08,31.74,D
-19.48865,143.13293,336.99,1.48,1.2,2021-12-10,0357,Aqua,MODIS,54,6.1NRT,317.63,25.4,D
-19.56319,143.24297,341,1.46,1.19,2021-12-10,0357,Aqua,MODIS,55,6.1NRT,318.07,38.34,D
-19.5566,143.23314,342.32,1.46,1.2,2021-12-10,0357,Aqua,MODIS,83,6.1NRT,318.06,41.22,D
-19.56738,143.23466,338.87,1.46,1.2,2021-12-10,0357,Aqua,MODIS,46,6.1NRT,318.78,29.11,D
-19.56572,143.24869,342.06,1.46,1.19,2021-12-10,0357,Aqua,MODIS,57,6.1NRT,317.85,39.5,D
-19.39407,145.58458,331.94,1.09,1.04,2021-12-10,0357,Aqua,MODIS,59,6.1NRT,317.36,11.8,D
-19.61732,143.1843,334.16,1.48,1.2,2021-12-10,0357,Aqua,MODIS,73,6.1NRT,318.79,18.99,D
-18.0897,144.03275,334.8,1.25,1.11,2021-12-10,0357,Aqua,MODIS,63,6.1NRT,314.45,19.82,D
-18.26063,142.62071,337.84,1.55,1.23,2021-12-10,0357,Aqua,MODIS,41,6.1NRT,316.7,29.49,D
-18.26695,142.64444,340.38,1.54,1.22,2021-12-10,0357,Aqua,MODIS,62,6.1NRT,314.07,43.13,D
-18.26878,142.62979,346.59,1.54,1.22,2021-12-10,0357,Aqua,MODIS,80,6.1NRT,320.89,62.13,D
-18.25774,142.62831,346.82,1.54,1.22,2021-12-10,0357,Aqua,MODIS,82,6.1NRT,314.84,65.09,D
-18.2036,142.79633,340.18,1.5,1.21,2021-12-10,0357,Aqua,MODIS,83,6.1NRT,319.99,37.4,D
-17.95463,143.49821,326.78,1.34,1.15,2021-12-10,0357,Aqua,MODIS,54,6.1NRT,310.21,7.65,D
-17.94427,143.49687,358.3,1.34,1.15,2021-12-10,0357,Aqua,MODIS,99,6.1NRT,313.63,96.07,D
-17.94589,143.48418,336.39,1.34,1.15,2021-12-10,0357,Aqua,MODIS,81,6.1NRT,311.18,27.88,D
-17.93235,143.50803,335.87,1.34,1.15,2021-12-10,0357,Aqua,MODIS,79,6.1NRT,311.48,27.67,D
-17.93393,143.49547,351.41,1.34,1.15,2021-12-10,0357,Aqua,MODIS,94,6.1NRT,312.18,72.65,D
-17.93553,143.48279,333.84,1.34,1.15,2021-12-10,0357,Aqua,MODIS,70,6.1NRT,310.39,24.25,D
-16.28208,137.52109,338.25,3.49,1.76,2021-12-10,0359,Aqua,MODIS,81,6.1NRT,304.24,141.99,D
-14.20376,135.77779,325.73,4.44,1.94,2021-12-10,0359,Aqua,MODIS,65,6.1NRT,285.68,134.71,D
-14.20411,135.78178,324.48,4.44,1.94,2021-12-10,0359,Aqua,MODIS,59,6.1NRT,285.53,119.12,D
-14.46086,135.38515,320.35,4.79,2,2021-12-10,0359,Aqua,MODIS,20,6.1NRT,284.03,68.33,D
-14.45617,135.42941,319.97,4.75,1.99,2021-12-10,0359,Aqua,MODIS,25,6.1NRT,284.4,62.88,D
-14.45843,135.3886,321.39,4.79,2,2021-12-10,0359,Aqua,MODIS,56,6.1NRT,283.97,80.14,D
-15.14842,135.50288,326.87,4.79,2,2021-12-10,0359,Aqua,MODIS,52,6.1NRT,287.85,148.1,D
-15.18921,135.46181,324.81,4.82,2,2021-12-10,0359,Aqua,MODIS,45,6.1NRT,289.06,115.3,D
-16.23899,137.43848,328.62,3.53,1.77,2021-12-10,0359,Aqua,MODIS,82,6.1NRT,299.62,112.99,D
-16.23542,137.47131,320.64,3.51,1.76,2021-12-10,0359,Aqua,MODIS,59,6.1NRT,300.83,56.39,D
-16.24734,137.44409,335.65,3.53,1.77,2021-12-10,0359,Aqua,MODIS,87,6.1NRT,299.88,170.01,D
-16.24398,137.47696,339.75,3.51,1.76,2021-12-10,0359,Aqua,MODIS,90,6.1NRT,302.19,201.93,D
-16.26329,137.44589,322.83,3.53,1.77,2021-12-10,0359,Aqua,MODIS,52,6.1NRT,298.5,69.55,D
-16.25989,137.47871,338.7,3.51,1.76,2021-12-10,0359,Aqua,MODIS,89,6.1NRT,303.76,186.9,D
-16.2565,137.51144,340.81,3.49,1.76,2021-12-10,0359,Aqua,MODIS,86,6.1NRT,303.07,198.12,D
-16.27924,137.44762,338,3.53,1.77,2021-12-10,0359,Aqua,MODIS,86,6.1NRT,299.38,188.46,D
-16.2758,137.48047,349.24,3.51,1.76,2021-12-10,0359,Aqua,MODIS,93,6.1NRT,304.2,291.14,D
-16.27237,137.51318,337.71,3.49,1.76,2021-12-10,0359,Aqua,MODIS,62,6.1NRT,303.88,155.07,D
-16.2952,137.44933,338.58,3.53,1.77,2021-12-10,0359,Aqua,MODIS,89,6.1NRT,300.72,199.07,D
-16.29171,137.48221,343.78,3.51,1.76,2021-12-10,0359,Aqua,MODIS,77,6.1NRT,304.6,214.83,D
-16.28824,137.51492,334.3,3.49,1.76,2021-12-10,0359,Aqua,MODIS,51,6.1NRT,304.7,106.38,D
-16.31468,137.41806,341.5,3.55,1.77,2021-12-10,0359,Aqua,MODIS,91,6.1NRT,296.26,234.93,D
-16.31115,137.45105,350.9,3.53,1.77,2021-12-10,0359,Aqua,MODIS,96,6.1NRT,301.25,324.36,D
-16.30763,137.48395,341.5,3.51,1.76,2021-12-10,0359,Aqua,MODIS,73,6.1NRT,304.4,194.02,D
-16.30411,137.51668,329.52,3.49,1.76,2021-12-10,0359,Aqua,MODIS,70,6.1NRT,305.24,56.57,D
-16.33068,137.41975,336.65,3.55,1.77,2021-12-10,0359,Aqua,MODIS,88,6.1NRT,296.86,176.76,D
-16.3271,137.45279,382.06,3.53,1.77,2021-12-10,0359,Aqua,MODIS,100,6.1NRT,305.17,934.3,D
-16.32353,137.48575,357.25,3.51,1.76,2021-12-10,0359,Aqua,MODIS,98,6.1NRT,305.36,390.77,D
-16.31998,137.51843,332.47,3.49,1.76,2021-12-10,0359,Aqua,MODIS,85,6.1NRT,304.65,72.41,D
-16.27261,137.45366,345.98,3.53,1.77,2021-12-10,0359,Aqua,MODIS,93,6.1NRT,300.02,279.82,D
-16.26941,137.48654,343.5,3.51,1.76,2021-12-10,0359,Aqua,MODIS,85,6.1NRT,304.29,218.82,D
-16.26622,137.51929,338.99,3.49,1.76,2021-12-10,0359,Aqua,MODIS,77,6.1NRT,303.3,159.87,D
-16.28856,137.45541,342.06,3.53,1.77,2021-12-10,0359,Aqua,MODIS,83,6.1NRT,301.13,220.85,D
-16.28532,137.48833,340.65,3.51,1.76,2021-12-10,0359,Aqua,MODIS,75,6.1NRT,304.43,190.94,D
-16.30779,137.42422,330.95,3.55,1.77,2021-12-10,0359,Aqua,MODIS,80,6.1NRT,296.29,128.71,D
-16.30451,137.45718,341.38,3.53,1.77,2021-12-10,0359,Aqua,MODIS,89,6.1NRT,301.52,213.34,D
-16.30122,137.49011,343.89,3.51,1.76,2021-12-10,0359,Aqua,MODIS,91,6.1NRT,305.09,203.9,D
-16.32379,137.42586,372.03,3.55,1.77,2021-12-10,0359,Aqua,MODIS,100,6.1NRT,299.46,702.35,D
-16.32046,137.45895,378.79,3.53,1.77,2021-12-10,0359,Aqua,MODIS,100,6.1NRT,304.05,836.69,D
-16.31713,137.49194,345.43,3.51,1.76,2021-12-10,0359,Aqua,MODIS,93,6.1NRT,304.6,210.36,D
-16.3364,137.46074,380.32,3.53,1.77,2021-12-10,0359,Aqua,MODIS,100,6.1NRT,303.44,875.83,D
-16.33303,137.49377,383.58,3.51,1.76,2021-12-10,0359,Aqua,MODIS,100,6.1NRT,306.08,930.77,D
-16.34894,137.49553,357.95,3.51,1.76,2021-12-10,0359,Aqua,MODIS,99,6.1NRT,302.04,404.77,D
-16.33882,137.59309,334.12,3.45,1.75,2021-12-10,0359,Aqua,MODIS,81,6.1NRT,303.43,94.52,D
-16.36485,137.4973,367.83,3.51,1.76,2021-12-10,0359,Aqua,MODIS,100,6.1NRT,301.72,581.37,D
-16.36143,137.52997,336.48,3.49,1.76,2021-12-10,0359,Aqua,MODIS,71,6.1NRT,301.24,128.62,D
-16.35461,137.59486,336.18,3.45,1.75,2021-12-10,0359,Aqua,MODIS,87,6.1NRT,304.9,113.24,D
-16.35124,137.62698,338.42,3.43,1.74,2021-12-10,0359,Aqua,MODIS,86,6.1NRT,304.9,144.57,D
-16.34787,137.65898,349.37,3.41,1.74,2021-12-10,0359,Aqua,MODIS,95,6.1NRT,303.52,271.36,D
-16.4289,137.19762,324.72,3.71,1.8,2021-12-10,0359,Aqua,MODIS,71,6.1NRT,303.99,53.47,D
-16.38967,137.5661,340.14,3.47,1.75,2021-12-10,0359,Aqua,MODIS,89,6.1NRT,301.39,177.91,D
-16.35755,137.50085,374.49,3.51,1.76,2021-12-10,0359,Aqua,MODIS,100,6.1NRT,302.64,721.4,D
-16.34803,137.59856,335.34,3.45,1.75,2021-12-10,0359,Aqua,MODIS,57,6.1NRT,303.97,120.41,D
-16.34488,137.63071,338.33,3.43,1.74,2021-12-10,0359,Aqua,MODIS,88,6.1NRT,304.56,149.94,D
-16.34175,137.66275,346.72,3.41,1.74,2021-12-10,0359,Aqua,MODIS,94,6.1NRT,303.94,248.12,D
-16.38284,137.56985,342.95,3.47,1.75,2021-12-10,0359,Aqua,MODIS,87,6.1NRT,302.58,206.2,D
-16.43563,137.20276,324.48,3.71,1.8,2021-12-10,0359,Aqua,MODIS,73,6.1NRT,303.58,52.74,D
-16.90756,138.04454,329.63,3.25,1.7,2021-12-10,0359,Aqua,MODIS,69,6.1NRT,305.88,71.54,D
-16.90024,138.68402,360.07,2.9,1.62,2021-12-10,0359,Aqua,MODIS,94,6.1NRT,287.9,362.43,D
-16.90144,138.69138,364.7,2.9,1.62,2021-12-10,0359,Aqua,MODIS,94,6.1NRT,288.44,418.07,D
-16.91044,138.74718,339.79,2.87,1.62,2021-12-10,0359,Aqua,MODIS,32,6.1NRT,296.75,122.82,D
-16.92504,138.74886,341.65,2.87,1.62,2021-12-10,0359,Aqua,MODIS,55,6.1NRT,309.49,119.28,D
-16.93964,138.75052,344.07,2.87,1.62,2021-12-10,0359,Aqua,MODIS,90,6.1NRT,311.46,134.45,D
-16.95424,138.7522,337.33,2.87,1.62,2021-12-10,0359,Aqua,MODIS,52,6.1NRT,311.32,72.96,D
-16.97475,138.69974,349.31,2.9,1.62,2021-12-10,0359,Aqua,MODIS,93,6.1NRT,308.82,194.82,D
-16.9718,138.72685,381.79,2.88,1.62,2021-12-10,0359,Aqua,MODIS,100,6.1NRT,314.8,654.61,D
-16.96885,138.75385,341.72,2.87,1.62,2021-12-10,0359,Aqua,MODIS,80,6.1NRT,312.92,106.99,D
-16.98643,138.7285,347.68,2.88,1.62,2021-12-10,0359,Aqua,MODIS,92,6.1NRT,312.53,170.34,D
-16.95497,138.75691,333.93,2.87,1.62,2021-12-10,0359,Aqua,MODIS,24,6.1NRT,311.64,47.5,D
-16.9751,138.70442,359.65,2.9,1.62,2021-12-10,0359,Aqua,MODIS,99,6.1NRT,309.97,303.49,D
-16.97233,138.73157,379.47,2.88,1.62,2021-12-10,0359,Aqua,MODIS,100,6.1NRT,314.89,606.65,D
-16.96957,138.75861,335.61,2.87,1.62,2021-12-10,0359,Aqua,MODIS,66,6.1NRT,313.06,59,D
-16.98697,138.73326,345.67,2.88,1.62,2021-12-10,0359,Aqua,MODIS,91,6.1NRT,312.69,155.42,D
-17.03086,138.73831,332.28,2.88,1.62,2021-12-10,0359,Aqua,MODIS,67,6.1NRT,310.38,62.36,D
-17.02798,138.76534,334.07,2.87,1.62,2021-12-10,0359,Aqua,MODIS,71,6.1NRT,311.8,71.09,D
-17.73619,138.34367,348.68,3.16,1.68,2021-12-10,0359,Aqua,MODIS,92,6.1NRT,310.63,216.46,D
-17.73307,138.37335,342.95,3.14,1.68,2021-12-10,0359,Aqua,MODIS,81,6.1NRT,311.13,150.43,D
-17.74831,138.37454,338,3.14,1.68,2021-12-10,0359,Aqua,MODIS,57,6.1NRT,314.05,106.2,D
-17.74517,138.40404,339.83,3.13,1.68,2021-12-10,0359,Aqua,MODIS,71,6.1NRT,312.08,120.44,D
-17.73303,138.34827,345.43,3.16,1.68,2021-12-10,0359,Aqua,MODIS,90,6.1NRT,309.84,187.51,D
-17.73013,138.3779,337.25,3.14,1.68,2021-12-10,0359,Aqua,MODIS,75,6.1NRT,310.91,105.74,D
-17.74537,138.37909,342.14,3.14,1.68,2021-12-10,0359,Aqua,MODIS,80,6.1NRT,313.44,141.96,D
-17.74244,138.40858,335.43,3.13,1.68,2021-12-10,0359,Aqua,MODIS,55,6.1NRT,311.27,87.53,D
-17.86017,137.85825,326.63,3.45,1.75,2021-12-10,0359,Aqua,MODIS,51,6.1NRT,309.98,44.08,D
-17.85747,137.83171,331.4,3.47,1.75,2021-12-10,0359,Aqua,MODIS,60,6.1NRT,310.96,72.38,D
-32.68499,122.93453,378.01,1.19,1.09,2021-12-10,0531,Aqua,MODIS,100,6.1NRT,320.45,157.64,D
-32.68401,123.02497,338.13,1.18,1.08,2021-12-10,0531,Aqua,MODIS,46,6.1NRT,317.78,18.58,D
-32.68555,123.01237,341.53,1.18,1.08,2021-12-10,0531,Aqua,MODIS,69,6.1NRT,321.87,25.23,D
-32.67421,123.02335,342.69,1.18,1.08,2021-12-10,0531,Aqua,MODIS,57,6.1NRT,318.61,26.58,D
-32.68346,122.9472,367.7,1.19,1.09,2021-12-10,0531,Aqua,MODIS,100,6.1NRT,319.59,108.45,D
-32.68653,122.92185,356.88,1.19,1.09,2021-12-10,0531,Aqua,MODIS,97,6.1NRT,307.19,72.27,D
-34.77241,116.65906,314.71,3.05,1.66,2021-12-10,0531,Aqua,MODIS,64,6.1NRT,291.95,58.76,D
-32.72885,123.0004,346.69,1.19,1.08,2021-12-10,0531,Aqua,MODIS,89,6.1NRT,312.01,47.4,D
-32.73037,122.98767,349.87,1.19,1.08,2021-12-10,0531,Aqua,MODIS,92,6.1NRT,313.78,58.18,D
-32.73189,122.97491,332.95,1.19,1.08,2021-12-10,0531,Aqua,MODIS,63,6.1NRT,310.16,20.39,D
-32.71753,123.01141,354.21,1.18,1.08,2021-12-10,0531,Aqua,MODIS,96,6.1NRT,313.02,64.16,D
-32.71904,122.99873,375.11,1.19,1.08,2021-12-10,0531,Aqua,MODIS,100,6.1NRT,321.87,147.16,D
-32.72055,122.98602,377.38,1.19,1.08,2021-12-10,0531,Aqua,MODIS,100,6.1NRT,323.38,161.4,D
-32.72207,122.97326,355.06,1.19,1.08,2021-12-10,0531,Aqua,MODIS,96,6.1NRT,315.63,71.89,D
-32.70773,123.00971,346.69,1.18,1.08,2021-12-10,0531,Aqua,MODIS,41,6.1NRT,318.84,35.2,D
-32.70924,122.99703,362.95,1.19,1.08,2021-12-10,0531,Aqua,MODIS,98,6.1NRT,322.74,87.93,D
-32.71074,122.98434,388.46,1.19,1.08,2021-12-10,0531,Aqua,MODIS,100,6.1NRT,327.85,213.41,D
-32.71225,122.9716,418.96,1.19,1.08,2021-12-10,0531,Aqua,MODIS,100,6.1NRT,333.18,464.24,D
-32.71375,122.95885,401.31,1.19,1.09,2021-12-10,0531,Aqua,MODIS,100,6.1NRT,323.36,306.99,D
-32.69644,123.02072,355.06,1.18,1.08,2021-12-10,0531,Aqua,MODIS,81,6.1NRT,319.02,57.87,D
-32.69942,122.99542,358.78,1.19,1.08,2021-12-10,0531,Aqua,MODIS,77,6.1NRT,322.53,60.99,D
-32.70092,122.9827,381.83,1.19,1.08,2021-12-10,0531,Aqua,MODIS,100,6.1NRT,325.99,165.38,D
-32.70242,122.96996,428.29,1.19,1.08,2021-12-10,0531,Aqua,MODIS,100,6.1NRT,335.25,567.57,D
-32.70392,122.9572,389.12,1.19,1.09,2021-12-10,0531,Aqua,MODIS,100,6.1NRT,322.18,218.11,D
-32.68663,123.0191,349.05,1.18,1.08,2021-12-10,0531,Aqua,MODIS,63,6.1NRT,320.74,38.79,D
-32.68812,123.00651,355.66,1.18,1.08,2021-12-10,0531,Aqua,MODIS,93,6.1NRT,322.69,54.36,D
-23.43376,115.02774,351.65,2.94,1.63,2021-12-10,0535,Aqua,MODIS,93,6.1NRT,323.66,189.24,D
-23.43709,114.99412,336.82,2.96,1.64,2021-12-10,0535,Aqua,MODIS,74,6.1NRT,323.34,59.39,D
-23.43627,114.99872,344.71,2.96,1.64,2021-12-10,0535,Aqua,MODIS,86,6.1NRT,323.9,121.86,D
-23.43438,115.02312,356.33,2.94,1.63,2021-12-10,0535,Aqua,MODIS,97,6.1NRT,323.83,244.35,D
-18.43786,124.07453,350.63,1.06,1.03,2021-12-10,0537,Aqua,MODIS,91,6.1NRT,320.48,31,D
-18.43482,124.09451,346.95,1.06,1.03,2021-12-10,0537,Aqua,MODIS,82,6.1NRT,321.45,24.93,D
-18.4333,124.1045,350.63,1.06,1.03,2021-12-10,0537,Aqua,MODIS,92,6.1NRT,318.6,33.7,D
-18.4486,124.06611,350.11,1.06,1.03,2021-12-10,0537,Aqua,MODIS,80,6.1NRT,318.49,33.27,D
-18.44709,124.07609,344.91,1.06,1.03,2021-12-10,0537,Aqua,MODIS,65,6.1NRT,319.79,21.34,D
-18.94275,123.77618,412.17,1.03,1.01,2021-12-10,0537,Aqua,MODIS,100,6.1NRT,327.12,313.46,D
-18.94129,123.78593,383.02,1.03,1.01,2021-12-10,0537,Aqua,MODIS,99,6.1NRT,324.36,138.98,D
-18.95186,123.77772,356.91,1.03,1.01,2021-12-10,0537,Aqua,MODIS,80,6.1NRT,323.61,44.69,D
-18.9504,123.78747,363.34,1.03,1.01,2021-12-10,0537,Aqua,MODIS,90,6.1NRT,328.19,60.87,D
-18.94894,123.79721,356.12,1.03,1.02,2021-12-10,0537,Aqua,MODIS,41,6.1NRT,326.55,39.82,D
-18.9628,123.82957,376.56,1.03,1.02,2021-12-10,0537,Aqua,MODIS,100,6.1NRT,322.71,103.97,D
-18.96134,123.83933,378.23,1.03,1.02,2021-12-10,0537,Aqua,MODIS,87,6.1NRT,318.41,113.73,D
-19.15161,124.10233,369.6,1.05,1.02,2021-12-10,0537,Aqua,MODIS,100,6.1NRT,324.47,90.9,D
-19.15009,124.11224,435.05,1.05,1.02,2021-12-10,0537,Aqua,MODIS,100,6.1NRT,330.82,540.02,D
-19.14858,124.12217,430.16,1.05,1.02,2021-12-10,0537,Aqua,MODIS,100,6.1NRT,326.08,484.27,D
-19.15928,124.1138,362.63,1.05,1.02,2021-12-10,0537,Aqua,MODIS,89,6.1NRT,328.98,65.16,D
-19.15777,124.12373,403.82,1.05,1.02,2021-12-10,0537,Aqua,MODIS,100,6.1NRT,336.39,257.7,D
-19.15626,124.13367,351.23,1.05,1.02,2021-12-10,0537,Aqua,MODIS,78,6.1NRT,327.17,27.17,D
-19.47345,126.01892,382.61,1.26,1.12,2021-12-10,0537,Aqua,MODIS,100,6.1NRT,315.73,193.57,D
-19.47154,126.03085,363.68,1.26,1.12,2021-12-10,0537,Aqua,MODIS,100,6.1NRT,315.43,96.37,D
-19.48155,126.03268,350.36,1.26,1.12,2021-12-10,0537,Aqua,MODIS,92,6.1NRT,314.53,48.4,D
-19.48143,126.02587,386.67,1.26,1.12,2021-12-10,0537,Aqua,MODIS,100,6.1NRT,316.28,217.77,D
-19.53333,126.02313,343.89,1.26,1.11,2021-12-10,0537,Aqua,MODIS,69,6.1NRT,310.37,32.44,D
-20.54131,119.95148,386.95,1.23,1.1,2021-12-10,0537,Aqua,MODIS,100,6.1NRT,314.56,222.42,D
-20.53978,119.96328,351.2,1.23,1.1,2021-12-10,0537,Aqua,MODIS,74,6.1NRT,306.86,62.7,D
-20.54189,119.94499,405.17,1.23,1.1,2021-12-10,0537,Aqua,MODIS,87,6.1NRT,312.97,353.78,D
-20.54043,119.95682,379.41,1.23,1.1,2021-12-10,0537,Aqua,MODIS,100,6.1NRT,308.89,169.91,D
-20.55185,119.94643,432.66,1.23,1.1,2021-12-10,0537,Aqua,MODIS,94,6.1NRT,317.32,657.36,D
-20.55038,119.95824,415.56,1.23,1.1,2021-12-10,0537,Aqua,MODIS,100,6.1NRT,316.42,449.58,D
-20.56033,119.95966,340.69,1.23,1.1,2021-12-10,0537,Aqua,MODIS,77,6.1NRT,315.93,23.01,D
-21.01656,117.14714,346.18,1.91,1.35,2021-12-10,0537,Aqua,MODIS,0,6.1NRT,312.64,75.55,D
-21.01452,117.16557,342.4,1.9,1.35,2021-12-10,0537,Aqua,MODIS,76,6.1NRT,312.06,56.16,D
-17.88646,125.6263,359.82,1.26,1.12,2021-12-10,0537,Aqua,MODIS,99,6.1NRT,319.26,81.02,D
-17.88467,125.64484,347.84,1.26,1.12,2021-12-10,0537,Aqua,MODIS,84,6.1NRT,312.15,41.95,D
-17.88654,125.63298,362.83,1.26,1.12,2021-12-10,0537,Aqua,MODIS,100,6.1NRT,319.03,94.63,D
-17.56105,122.73082,350.33,1,1,2021-12-10,0537,Aqua,MODIS,68,6.1NRT,318.17,34.41,D
-16.74947,124.04402,354.29,1.09,1.04,2021-12-10,0537,Aqua,MODIS,96,6.1NRT,309.76,60.4,D
-16.751,124.0339,346.22,1.09,1.04,2021-12-10,0537,Aqua,MODIS,88,6.1NRT,313.96,39.44,D
-16.70399,123.77856,339.51,1.07,1.03,2021-12-10,0537,Aqua,MODIS,61,6.1NRT,314.2,16.2,D
-16.69598,123.79189,333.37,1.07,1.03,2021-12-10,0537,Aqua,MODIS,60,6.1NRT,311.22,12.25,D
-16.69748,123.78194,369.64,1.07,1.03,2021-12-10,0537,Aqua,MODIS,100,6.1NRT,315.13,101.66,D
-16.69896,123.77201,349.96,1.07,1.03,2021-12-10,0537,Aqua,MODIS,92,6.1NRT,314.85,43.47,D
-16.68822,123.78032,332.9,1.07,1.03,2021-12-10,0537,Aqua,MODIS,63,6.1NRT,311.19,11.49,D
-16.48636,124.84122,349.59,1.19,1.09,2021-12-10,0537,Aqua,MODIS,93,6.1NRT,308.69,56.32,D
-16.33389,124.51234,347.97,1.15,1.07,2021-12-10,0537,Aqua,MODIS,0,6.1NRT,309.35,48.68,D
-16.31411,124.57534,355.93,1.16,1.07,2021-12-10,0537,Aqua,MODIS,73,6.1NRT,309,68.16,D
-16.32263,124.52127,340.34,1.16,1.07,2021-12-10,0537,Aqua,MODIS,73,6.1NRT,305.63,30.91,D
-16.32432,124.51051,335.03,1.15,1.07,2021-12-10,0537,Aqua,MODIS,73,6.1NRT,307.27,21.58,D
-16.33767,124.42545,331.15,1.14,1.07,2021-12-10,0537,Aqua,MODIS,56,6.1NRT,307.3,13.6,D
-16.30119,124.59461,335.43,1.17,1.07,2021-12-10,0537,Aqua,MODIS,54,6.1NRT,309.29,20.95,D
-16.31304,124.51959,342.14,1.16,1.07,2021-12-10,0537,Aqua,MODIS,86,6.1NRT,302.44,35.66,D
-16.31475,124.50874,338.74,1.15,1.07,2021-12-10,0537,Aqua,MODIS,83,6.1NRT,303.96,28.92,D
-16.29685,124.59836,345.61,1.17,1.08,2021-12-10,0537,Aqua,MODIS,68,6.1NRT,308.65,39.14,D
-16.29854,124.5873,333.52,1.17,1.07,2021-12-10,0537,Aqua,MODIS,57,6.1NRT,310.13,13.99,D
-16.2872,124.59673,350.17,1.17,1.08,2021-12-10,0537,Aqua,MODIS,93,6.1NRT,307.45,53.97,D
-16.28889,124.58572,351.29,1.17,1.07,2021-12-10,0537,Aqua,MODIS,94,6.1NRT,310.53,57.76,D
-16.27757,124.59499,336.69,1.17,1.08,2021-12-10,0537,Aqua,MODIS,65,6.1NRT,302.28,24.38,D
-15.85388,125.40823,345.09,1.31,1.14,2021-12-10,0537,Aqua,MODIS,89,6.1NRT,309.41,50.08,D
-16.27925,124.58414,357.2,1.17,1.07,2021-12-10,0537,Aqua,MODIS,98,6.1NRT,308.32,76.57,D
-17.88452,125.63812,368.36,1.26,1.12,2021-12-10,0537,Aqua,MODIS,100,6.1NRT,315.85,117.05,D
-18.3851,123.99781,349.52,1.05,1.03,2021-12-10,0537,Aqua,MODIS,85,6.1NRT,321.61,29.08,D
-18.37608,124.05756,374.72,1.06,1.03,2021-12-10,0537,Aqua,MODIS,100,6.1NRT,319.99,110.49,D
-18.37457,124.06753,357.72,1.06,1.03,2021-12-10,0537,Aqua,MODIS,82,6.1NRT,311.91,57.81,D
-18.3853,124.05911,355.61,1.06,1.03,2021-12-10,0537,Aqua,MODIS,96,6.1NRT,320.51,46.16,D
-18.3838,124.06909,371.49,1.06,1.03,2021-12-10,0537,Aqua,MODIS,100,6.1NRT,319.5,100.75,D
-18.38229,124.07908,361.53,1.06,1.03,2021-12-10,0537,Aqua,MODIS,100,6.1NRT,309.52,72.84,D
-18.39302,124.07066,355.63,1.06,1.03,2021-12-10,0537,Aqua,MODIS,96,6.1NRT,319.7,49.15,D
-18.39152,124.08064,385.43,1.06,1.03,2021-12-10,0537,Aqua,MODIS,100,6.1NRT,316.89,163.07,D
-18.39002,124.09064,359.9,1.06,1.03,2021-12-10,0537,Aqua,MODIS,99,6.1NRT,312.6,67.53,D
-18.38851,124.10063,363.79,1.06,1.03,2021-12-10,0537,Aqua,MODIS,100,6.1NRT,312.57,81.43,D
-18.41716,123.97279,371.58,1.05,1.02,2021-12-10,0537,Aqua,MODIS,100,6.1NRT,324.17,94.01,D
-18.40225,124.07222,381.78,1.06,1.03,2021-12-10,0537,Aqua,MODIS,100,6.1NRT,326.01,139.84,D
-18.40075,124.08221,385.63,1.06,1.03,2021-12-10,0537,Aqua,MODIS,100,6.1NRT,323.53,161.17,D
-18.39925,124.0922,347.02,1.06,1.03,2021-12-10,0537,Aqua,MODIS,75,6.1NRT,319.22,32.23,D
-18.39775,124.1022,342.4,1.06,1.03,2021-12-10,0537,Aqua,MODIS,24,6.1NRT,314.45,25.19,D
-18.42687,123.96068,345.67,1.05,1.02,2021-12-10,0537,Aqua,MODIS,66,6.1NRT,321.02,20.18,D
-18.42537,123.97056,345.67,1.05,1.02,2021-12-10,0537,Aqua,MODIS,68,6.1NRT,321.99,19.62,D
-18.42235,123.99034,345.67,1.05,1.02,2021-12-10,0537,Aqua,MODIS,55,6.1NRT,319.28,19.6,D
-18.40866,124.07985,368.92,1.06,1.03,2021-12-10,0537,Aqua,MODIS,100,6.1NRT,328.12,81.96,D
-18.43155,123.9919,349.4,1.05,1.02,2021-12-10,0537,Aqua,MODIS,91,6.1NRT,319.84,27.67,D
-18.42246,124.05148,355.47,1.06,1.03,2021-12-10,0537,Aqua,MODIS,96,6.1NRT,318.85,43.58,D
-18.41483,124.10138,357.25,1.06,1.03,2021-12-10,0537,Aqua,MODIS,88,6.1NRT,318.82,51.03,D
-18.43168,124.05303,372.56,1.06,1.03,2021-12-10,0537,Aqua,MODIS,100,6.1NRT,310.32,97.06,D
-18.43016,124.063,360.14,1.06,1.03,2021-12-10,0537,Aqua,MODIS,100,6.1NRT,319.01,53.71,D
-18.42864,124.07298,351.47,1.06,1.03,2021-12-10,0537,Aqua,MODIS,78,6.1NRT,323.07,27.74,D
-18.42559,124.09295,351.23,1.06,1.03,2021-12-10,0537,Aqua,MODIS,65,6.1NRT,322.27,31.47,D
-18.42406,124.10294,354.29,1.06,1.03,2021-12-10,0537,Aqua,MODIS,91,6.1NRT,319.2,42.56,D
-18.43938,124.06454,389.23,1.06,1.03,2021-12-10,0537,Aqua,MODIS,100,6.1NRT,319.02,173.92,D
-20.73198,145.26532,312.76,1.65,1.26,2021-12-10,1314,Terra,MODIS,86,6.1NRT,294.58,20.51,N
-20.7665,145.2618,305.27,1.65,1.26,2021-12-10,1314,Terra,MODIS,43,6.1NRT,293.12,10.63,N
-20.76855,145.25641,305.07,1.65,1.26,2021-12-10,1314,Terra,MODIS,59,6.1NRT,293.03,10.64,N
-20.74328,145.26755,314.45,1.65,1.26,2021-12-10,1314,Terra,MODIS,89,6.1NRT,294.49,22.85,N
-18.79498,143.29535,313.21,1.32,1.14,2021-12-10,1316,Terra,MODIS,87,6.1NRT,297.45,13.6,N
-20.77805,140.03261,310.23,1,1,2021-12-10,1316,Terra,MODIS,79,6.1NRT,296.17,7.56,N
-20.77041,140.02158,318.91,1,1,2021-12-10,1316,Terra,MODIS,98,6.1NRT,296.71,14.6,N
-20.75287,140.08089,317.24,1,1,2021-12-10,1316,Terra,MODIS,95,6.1NRT,296.62,13.07,N
-20.75422,140.07132,311.15,1,1,2021-12-10,1316,Terra,MODIS,82,6.1NRT,296.88,8.07,N
-20.74388,140.07941,311.35,1,1,2021-12-10,1316,Terra,MODIS,82,6.1NRT,296.75,8.47,N
-20.70656,140.0831,328.54,1,1,2021-12-10,1316,Terra,MODIS,100,6.1NRT,298.96,24.19,N
-20.70791,140.07353,337.76,1,1,2021-12-10,1316,Terra,MODIS,100,6.1NRT,298.96,36.98,N
-20.68499,140.04044,310.02,1,1,2021-12-10,1316,Terra,MODIS,79,6.1NRT,298.18,6.97,N
-20.67059,140.07722,311.97,1,1,2021-12-10,1316,Terra,MODIS,84,6.1NRT,297.92,8.24,N
-20.67465,140.04854,309.48,1,1,2021-12-10,1316,Terra,MODIS,77,6.1NRT,298.17,6.52,N
-20.676,140.03897,328.96,1,1,2021-12-10,1316,Terra,MODIS,100,6.1NRT,300.07,25.43,N
-20.67735,140.02942,319.2,1,1,2021-12-10,1316,Terra,MODIS,98,6.1NRT,298.05,14.61,N
-20.66121,140.07959,319.38,1,1,2021-12-10,1316,Terra,MODIS,98,6.1NRT,298.2,14.76,N
-20.66256,140.07002,309.18,1,1,2021-12-10,1316,Terra,MODIS,56,6.1NRT,296.72,6.09,N
-20.66527,140.0509,315.35,1,1,2021-12-10,1316,Terra,MODIS,63,6.1NRT,298.98,10.04,N
-20.66662,140.04135,336.65,1,1,2021-12-10,1316,Terra,MODIS,100,6.1NRT,302.56,35.82,N
-20.66797,140.0318,310.32,1,1,2021-12-10,1316,Terra,MODIS,80,6.1NRT,298.01,7.86,N
-20.65222,140.07812,313.61,1,1,2021-12-10,1316,Terra,MODIS,80,6.1NRT,297.18,9.46,N
-20.65628,140.04944,318.37,1,1,2021-12-10,1316,Terra,MODIS,97,6.1NRT,299.15,12.68,N
-20.65763,140.03989,353.4,1,1,2021-12-10,1316,Terra,MODIS,100,6.1NRT,303.57,67.44,N
-20.65898,140.03032,322.72,1,1,2021-12-10,1316,Terra,MODIS,100,6.1NRT,298.86,18.34,N
-20.73689,139.47345,307.92,1.01,1.01,2021-12-10,1316,Terra,MODIS,73,6.1NRT,295.09,7.21,N
-20.64729,140.04797,320.8,1,1,2021-12-10,1316,Terra,MODIS,100,6.1NRT,299.18,14.88,N
-20.64864,140.03841,341.77,1,1,2021-12-10,1316,Terra,MODIS,100,6.1NRT,302.03,44.07,N
-20.64999,140.02885,316.9,1,1,2021-12-10,1316,Terra,MODIS,94,6.1NRT,297.85,12.75,N
-20.63694,140.05606,313.15,1,1,2021-12-10,1316,Terra,MODIS,86,6.1NRT,297.4,8.51,N
-20.6383,140.04651,344.54,1,1,2021-12-10,1316,Terra,MODIS,100,6.1NRT,301.06,48.51,N
-20.63965,140.03694,356.68,1,1,2021-12-10,1316,Terra,MODIS,100,6.1NRT,302.78,75.57,N
-20.62525,140.0737,320.53,1,1,2021-12-10,1316,Terra,MODIS,100,6.1NRT,297.98,15.76,N
-20.62795,140.0546,310.71,1,1,2021-12-10,1316,Terra,MODIS,81,6.1NRT,297.4,7.08,N
-20.6293,140.04503,328.39,1,1,2021-12-10,1316,Terra,MODIS,100,6.1NRT,298.22,24.21,N
-20.6095,139.92448,310.43,1,1,2021-12-10,1316,Terra,MODIS,80,6.1NRT,295.67,8.17,N
-20.55376,139.92868,308.15,1,1,2021-12-10,1316,Terra,MODIS,74,6.1NRT,298.12,6.51,N
-20.54477,139.9272,310.28,1,1,2021-12-10,1316,Terra,MODIS,80,6.1NRT,297.23,7.48,N
-20.51644,139.93237,310.26,1,1,2021-12-10,1316,Terra,MODIS,80,6.1NRT,297.01,7.68,N
-20.5075,139.86642,309.32,1,1,2021-12-10,1316,Terra,MODIS,49,6.1NRT,297.32,6.61,N
-20.4864,139.95094,323.11,1,1,2021-12-10,1316,Terra,MODIS,100,6.1NRT,298.58,18.46,N
-20.49044,139.92229,322.65,1,1,2021-12-10,1316,Terra,MODIS,100,6.1NRT,297.51,18.36,N
-20.49716,139.87453,311.23,1,1,2021-12-10,1316,Terra,MODIS,81,6.1NRT,297.33,8.01,N
-20.4985,139.86497,307.53,1,1,2021-12-10,1316,Terra,MODIS,40,6.1NRT,297.09,5.35,N
-20.48144,139.92082,314.63,1,1,2021-12-10,1316,Terra,MODIS,90,6.1NRT,297.39,10.33,N
-20.47245,139.91937,315.98,1,1,2021-12-10,1316,Terra,MODIS,92,6.1NRT,297.16,11.26,N
-20.43781,139.90401,307.85,1,1,2021-12-10,1316,Terra,MODIS,17,6.1NRT,296.97,4.91,N
-20.41714,139.92018,314.88,1,1,2021-12-10,1316,Terra,MODIS,90,6.1NRT,298.01,9.81,N
-20.41983,139.90109,313.59,1,1,2021-12-10,1316,Terra,MODIS,87,6.1NRT,298.14,9.14,N
-20.41039,139.90298,314.13,1,1,2021-12-10,1316,Terra,MODIS,89,6.1NRT,298.5,10.32,N
-20.10769,140.222,309.12,1,1,2021-12-10,1316,Terra,MODIS,69,6.1NRT,296.81,5.87,N
-20.10905,140.21248,309.3,1,1,2021-12-10,1316,Terra,MODIS,69,6.1NRT,297.61,5.95,N
-20.09869,140.22054,312.17,1,1,2021-12-10,1316,Terra,MODIS,25,6.1NRT,297.47,7.46,N
-20.10005,140.211,324.55,1,1,2021-12-10,1316,Terra,MODIS,100,6.1NRT,297.96,18.75,N
-20.08171,140.21182,314.68,1,1,2021-12-10,1316,Terra,MODIS,72,6.1NRT,298.23,10.04,N
-20.07272,140.21036,318.05,1,1,2021-12-10,1316,Terra,MODIS,96,6.1NRT,298.57,12.78,N
-20.052,140.22647,313.15,1,1,2021-12-10,1316,Terra,MODIS,86,6.1NRT,297.92,9.12,N
-19.55022,143.25427,308.06,1.28,1.12,2021-12-10,1316,Terra,MODIS,56,6.1NRT,295.52,8.44,N
-19.45314,143.16211,310.62,1.27,1.12,2021-12-10,1316,Terra,MODIS,10,6.1NRT,297.23,9.44,N
-19.44451,143.08672,308.42,1.26,1.12,2021-12-10,1316,Terra,MODIS,30,6.1NRT,296.43,7.65,N
-19.28325,143.81725,307.83,1.4,1.17,2021-12-10,1316,Terra,MODIS,66,6.1NRT,294.86,10.13,N
-19.23931,143.65518,306.55,1.37,1.16,2021-12-10,1316,Terra,MODIS,68,6.1NRT,294.7,8.5,N
-19.2374,143.60181,306.16,1.36,1.16,2021-12-10,1316,Terra,MODIS,45,6.1NRT,295.42,7.05,N
-19.22708,143.5997,306.25,1.36,1.16,2021-12-10,1316,Terra,MODIS,67,6.1NRT,295.75,7.7,N
-18.97751,144.66887,305.87,1.62,1.25,2021-12-10,1316,Terra,MODIS,66,6.1NRT,291.98,12.37,N
-19.20197,143.19093,314.27,1.29,1.13,2021-12-10,1316,Terra,MODIS,57,6.1NRT,297.52,14.4,N
-19.19187,143.18909,320.49,1.29,1.13,2021-12-10,1316,Terra,MODIS,100,6.1NRT,298.06,21.21,N
-19.19581,143.16498,312.92,1.28,1.12,2021-12-10,1316,Terra,MODIS,54,6.1NRT,297.45,12.29,N
-19.17982,143.19917,319,1.29,1.13,2021-12-10,1316,Terra,MODIS,76,6.1NRT,297.08,18.95,N
-19.18178,143.18723,321.88,1.29,1.13,2021-12-10,1316,Terra,MODIS,89,6.1NRT,297.88,22.39,N
-19.18573,143.16316,314.52,1.28,1.12,2021-12-10,1316,Terra,MODIS,53,6.1NRT,297.39,13.45,N
-19.18206,143.19336,325.64,1.29,1.13,2021-12-10,1316,Terra,MODIS,100,6.1NRT,298.34,29.55,N
-19.18778,143.15718,315.98,1.28,1.12,2021-12-10,1316,Terra,MODIS,92,6.1NRT,297.45,15.76,N
-18.7075,144.96059,306.33,1.71,1.28,2021-12-10,1316,Terra,MODIS,32,6.1NRT,294.56,10.79,N
-18.88316,143.51268,308.56,1.36,1.16,2021-12-10,1316,Terra,MODIS,75,6.1NRT,296.47,9.61,N
-18.88526,143.49989,309,1.36,1.15,2021-12-10,1316,Terra,MODIS,76,6.1NRT,296.12,9.9,N
-18.79702,143.28296,319.65,1.32,1.14,2021-12-10,1316,Terra,MODIS,99,6.1NRT,297.7,22.14,N
-18.79838,143.28964,317.71,1.32,1.14,2021-12-10,1316,Terra,MODIS,96,6.1NRT,297.83,19.56,N
-18.78815,143.28781,324.36,1.32,1.14,2021-12-10,1316,Terra,MODIS,100,6.1NRT,297.83,29.52,N
-19.13766,139.15054,321.82,1.01,1,2021-12-10,1316,Terra,MODIS,100,6.1NRT,300.09,15.78,N
-19.13899,139.14099,311.79,1.01,1,2021-12-10,1316,Terra,MODIS,14,6.1NRT,299.27,6.56,N
-19.10473,139.32068,316.75,1,1,2021-12-10,1316,Terra,MODIS,93,6.1NRT,298.69,11.42,N
-19.10606,139.31117,311.96,1.01,1,2021-12-10,1316,Terra,MODIS,81,6.1NRT,298.46,7.52,N
-19.12332,139.18732,316.88,1.01,1,2021-12-10,1316,Terra,MODIS,93,6.1NRT,299.77,11.26,N
-19.12863,139.14914,309.87,1.01,1,2021-12-10,1316,Terra,MODIS,74,6.1NRT,298.71,5.81,N
-19.09439,139.32877,317.64,1,1,2021-12-10,1316,Terra,MODIS,95,6.1NRT,298.96,12.35,N
-19.09572,139.31924,311.35,1,1,2021-12-10,1316,Terra,MODIS,79,6.1NRT,298.15,6.98,N
-19.08538,139.32733,310.88,1,1,2021-12-10,1316,Terra,MODIS,77,6.1NRT,298.73,6.76,N
-18.56207,142.12604,308.83,1.15,1.07,2021-12-10,1316,Terra,MODIS,74,6.1NRT,298.17,7.21,N
-18.55188,142.00233,312.01,1.14,1.06,2021-12-10,1316,Terra,MODIS,83,6.1NRT,298.3,8.96,N
-18.54234,142.00067,310.1,1.14,1.06,2021-12-10,1316,Terra,MODIS,57,6.1NRT,298.32,7.28,N
-18.24566,142.64015,308.77,1.24,1.11,2021-12-10,1316,Terra,MODIS,72,6.1NRT,296.67,7.88,N
-17.74442,138.39723,316.82,1.03,1.01,2021-12-10,1316,Terra,MODIS,93,6.1NRT,297.33,11.9,N
-17.75234,138.33922,307.94,1.03,1.01,2021-12-10,1316,Terra,MODIS,66,6.1NRT,295.52,5.69,N
-17.74321,138.33786,310.76,1.03,1.01,2021-12-10,1316,Terra,MODIS,77,6.1NRT,297.05,7.14,N
-17.16571,136.07005,305.37,1.27,1.12,2021-12-10,1316,Terra,MODIS,55,6.1NRT,294.97,5.72,N
-16.35652,137.66464,314.36,1.06,1.03,2021-12-10,1316,Terra,MODIS,83,6.1NRT,294.69,10.97,N
-16.35785,137.65479,310.73,1.06,1.03,2021-12-10,1316,Terra,MODIS,79,6.1NRT,293.1,8.36,N
-16.34597,137.67311,324.88,1.06,1.03,2021-12-10,1316,Terra,MODIS,100,6.1NRT,295.13,21.54,N
-16.33542,137.68158,318.32,1.05,1.03,2021-12-10,1316,Terra,MODIS,88,6.1NRT,293.15,14.64,N
-16.33674,137.67174,325.35,1.06,1.03,2021-12-10,1316,Terra,MODIS,100,6.1NRT,294.51,21.98,N
-16.32619,137.68021,308.66,1.05,1.03,2021-12-10,1316,Terra,MODIS,68,6.1NRT,292.63,7.22,N
-16.32751,137.67038,308.8,1.06,1.03,2021-12-10,1316,Terra,MODIS,37,6.1NRT,293.27,6.9,N
-16.33673,137.60135,306.13,1.06,1.03,2021-12-10,1316,Terra,MODIS,16,6.1NRT,293.34,5.01,N
-16.32748,137.59999,307.13,1.06,1.03,2021-12-10,1316,Terra,MODIS,42,6.1NRT,293.05,5.88,N
-16.26732,137.64513,302.54,1.06,1.03,2021-12-10,1316,Terra,MODIS,38,6.1NRT,291.88,4.07,N
-16.27135,137.545,303.16,1.06,1.03,2021-12-10,1316,Terra,MODIS,22,6.1NRT,292.72,4.01,N
-16.27268,137.53508,303.68,1.07,1.03,2021-12-10,1316,Terra,MODIS,30,6.1NRT,293.21,4.29,N
-16.26341,137.53372,307.51,1.07,1.03,2021-12-10,1316,Terra,MODIS,68,6.1NRT,293.39,6.65,N
-16.25414,137.53235,328.78,1.07,1.03,2021-12-10,1316,Terra,MODIS,100,6.1NRT,294.07,27.4,N
-16.25546,137.52243,310.69,1.07,1.03,2021-12-10,1316,Terra,MODIS,16,6.1NRT,293.43,8.08,N
-16.24619,137.52106,318.03,1.07,1.03,2021-12-10,1316,Terra,MODIS,96,6.1NRT,292.96,15.18,N
-16.24751,137.51112,314.9,1.07,1.03,2021-12-10,1316,Terra,MODIS,89,6.1NRT,293.54,12.21,N
-16.2405,137.51433,306.44,1.07,1.03,2021-12-10,1316,Terra,MODIS,65,6.1NRT,292.09,6.44,N
-16.24185,137.50441,322.71,1.07,1.03,2021-12-10,1316,Terra,MODIS,100,6.1NRT,293.58,21.23,N
-16.2432,137.49446,312.21,1.07,1.03,2021-12-10,1316,Terra,MODIS,62,6.1NRT,292.5,10.07,N
-16.23392,137.4931,314.25,1.07,1.03,2021-12-10,1316,Terra,MODIS,88,6.1NRT,291.65,12.01,N
-16.23527,137.48315,311.51,1.07,1.03,2021-12-10,1316,Terra,MODIS,81,6.1NRT,290.96,10.29,N
-16.23662,137.47319,305.44,1.07,1.03,2021-12-10,1316,Terra,MODIS,57,6.1NRT,290.57,5.86,N
-14.20261,135.77086,304.51,1.22,1.1,2021-12-10,1316,Terra,MODIS,60,6.1NRT,284.89,5.48,N
-14.20406,135.7596,304.94,1.22,1.1,2021-12-10,1316,Terra,MODIS,53,6.1NRT,286.15,5.56,N
-29.88573,123.53519,305.88,1.72,1.29,2021-12-10,1452,Terra,MODIS,46,6.1NRT,295.42,9.11,N
-34.13416,115.06757,308.57,1.26,1.12,2021-12-10,1452,Terra,MODIS,19,6.1NRT,288.18,12.23,N
-34.12402,115.06604,313.56,1.26,1.12,2021-12-10,1452,Terra,MODIS,16,6.1NRT,288.89,16.66,N
-29.8972,123.53821,309.03,1.72,1.29,2021-12-10,1452,Terra,MODIS,76,6.1NRT,295.74,14.05,N
-32.23088,122.76202,301.75,1.39,1.17,2021-12-10,1452,Terra,MODIS,44,6.1NRT,290.7,7.42,N
-32.67383,122.93694,305.14,1.4,1.17,2021-12-10,1452,Terra,MODIS,45,6.1NRT,290.12,9.88,N
-32.65244,123.05665,315.72,1.42,1.18,2021-12-10,1452,Terra,MODIS,63,6.1NRT,291.89,20.58,N
-28.10458,122.14806,317.75,1.53,1.22,2021-12-10,1452,Terra,MODIS,95,6.1NRT,296.96,23.36,N
-28.10185,122.16353,311.68,1.53,1.22,2021-12-10,1452,Terra,MODIS,82,6.1NRT,297.38,14.14,N
-28.11548,122.15065,308.83,1.53,1.22,2021-12-10,1452,Terra,MODIS,74,6.1NRT,296.4,10.85,N
-28.11275,122.16613,312.47,1.53,1.22,2021-12-10,1452,Terra,MODIS,84,6.1NRT,297.62,15.79,N
-28.10514,122.15385,324.54,1.53,1.22,2021-12-10,1452,Terra,MODIS,100,6.1NRT,297.36,36.44,N
-28.11604,122.15643,314.47,1.53,1.22,2021-12-10,1452,Terra,MODIS,89,6.1NRT,296.93,19.16,N
-29.99656,122.88793,316.48,1.56,1.23,2021-12-10,1452,Terra,MODIS,93,6.1NRT,297.44,21.93,N
-29.99364,122.90407,312.54,1.57,1.23,2021-12-10,1452,Terra,MODIS,85,6.1NRT,296.92,16.42,N
-29.89034,123.53069,311,1.72,1.29,2021-12-10,1452,Terra,MODIS,81,6.1NRT,295.55,17.36,N
-34.11464,115.07262,304.11,1.26,1.12,2021-12-10,1452,Terra,MODIS,17,6.1NRT,287.76,9.12,N
-18.45609,124.05692,306.08,3.3,1.72,2021-12-10,1454,Terra,MODIS,53,6.1NRT,294.11,20.07,N
-18.47742,124.02907,328.81,3.28,1.71,2021-12-10,1454,Terra,MODIS,100,6.1NRT,294.17,133.07,N
-18.47138,124.06031,327.38,3.3,1.72,2021-12-10,1454,Terra,MODIS,100,6.1NRT,294.53,124.45,N
-18.49269,124.0324,332.13,3.28,1.71,2021-12-10,1454,Terra,MODIS,100,6.1NRT,294.43,157.72,N
-18.4867,124.06357,346.78,3.3,1.72,2021-12-10,1454,Terra,MODIS,100,6.1NRT,295.15,295.01,N
-18.50203,124.06677,305.12,3.3,1.72,2021-12-10,1454,Terra,MODIS,49,6.1NRT,294.1,18.3,N
-18.48834,124.03676,356.07,3.28,1.71,2021-12-10,1454,Terra,MODIS,100,6.1NRT,295.19,407.93,N
-21.00783,117.17616,322.9,1.07,1.03,2021-12-10,1454,Terra,MODIS,100,6.1NRT,301.59,17.27,N
-18.48211,124.06795,349.53,3.3,1.72,2021-12-10,1454,Terra,MODIS,100,6.1NRT,295.19,326.61,N
-18.49745,124.0711,309.18,3.3,1.72,2021-12-10,1454,Terra,MODIS,73,6.1NRT,294.26,32.84,N
-19.17747,124.13676,312.55,3.23,1.7,2021-12-10,1454,Terra,MODIS,83,6.1NRT,297.08,43.64,N
-16.25684,137.5415,316.18,1.27,1.12,2021-12-10,1628,Aqua,MODIS,93,6.1NRT,291.74,18.83,N
-20.48277,139.93097,306.2,2.12,1.41,2021-12-10,1628,Aqua,MODIS,38,6.1NRT,294.24,16.38,N
-20.40612,139.94029,304.86,2.12,1.41,2021-12-10,1628,Aqua,MODIS,30,6.1NRT,294.8,13.89,N
-20.09912,140.21675,304.29,2.19,1.44,2021-12-10,1628,Aqua,MODIS,18,6.1NRT,293.8,14.54,N
-19.13235,139.15334,307.39,1.78,1.31,2021-12-10,1628,Aqua,MODIS,71,6.1NRT,296.33,12.96,N
-19.09289,139.33205,306.53,1.83,1.32,2021-12-10,1628,Aqua,MODIS,68,6.1NRT,294.8,12.68,N
-19.18366,143.19615,310.28,3.57,1.77,2021-12-10,1628,Aqua,MODIS,52,6.1NRT,294.71,53.39,N
-19.19207,143.20264,305.67,3.57,1.77,2021-12-10,1628,Aqua,MODIS,63,6.1NRT,294.16,38.09,N
-19.176,143.20407,305.02,3.57,1.77,2021-12-10,1628,Aqua,MODIS,47,6.1NRT,294.1,32.37,N
-17.75479,138.42938,308.01,1.51,1.21,2021-12-10,1628,Aqua,MODIS,35,6.1NRT,295.64,9.99,N
-17.74413,138.34442,304.37,1.49,1.21,2021-12-10,1628,Aqua,MODIS,60,6.1NRT,292.83,8.6,N
-16.35528,137.66812,306.01,1.29,1.13,2021-12-10,1628,Aqua,MODIS,65,6.1NRT,291.38,8.22,N
-16.3537,137.65607,308.17,1.29,1.13,2021-12-10,1628,Aqua,MODIS,74,6.1NRT,291.55,10.47,N
-16.32717,137.61081,308.98,1.28,1.12,2021-12-10,1628,Aqua,MODIS,76,6.1NRT,291.33,11.98,N
-16.31614,137.68582,302.45,1.3,1.13,2021-12-10,1628,Aqua,MODIS,9,6.1NRT,290.19,5.24,N
-16.31639,137.67924,301.07,1.29,1.13,2021-12-10,1628,Aqua,MODIS,21,6.1NRT,290.07,4.83,N
-16.26239,137.66214,300.05,1.29,1.13,2021-12-10,1628,Aqua,MODIS,13,6.1NRT,289.99,4.8,N
-16.26082,137.65013,309.6,1.29,1.13,2021-12-10,1628,Aqua,MODIS,78,6.1NRT,289.61,13.16,N
-16.24677,137.54289,321,1.27,1.12,2021-12-10,1628,Aqua,MODIS,100,6.1NRT,292.79,24.26,N
-16.24522,137.53108,350.39,1.27,1.12,2021-12-10,1628,Aqua,MODIS,100,6.1NRT,295.31,86.55,N
-16.24366,137.51927,323.04,1.26,1.12,2021-12-10,1628,Aqua,MODIS,100,6.1NRT,292.59,26.55,N
-16.24212,137.50749,304.49,1.26,1.12,2021-12-10,1628,Aqua,MODIS,11,6.1NRT,291.27,5.94,N
-16.23515,137.53247,333.65,1.27,1.12,2021-12-10,1628,Aqua,MODIS,100,6.1NRT,293.58,44.97,N
-16.23361,137.52068,340.81,1.26,1.12,2021-12-10,1628,Aqua,MODIS,100,6.1NRT,294.87,60.01,N
-16.23207,137.5089,362.26,1.26,1.12,2021-12-10,1628,Aqua,MODIS,100,6.1NRT,297.42,127.31,N
-16.23053,137.49713,381.81,1.26,1.12,2021-12-10,1628,Aqua,MODIS,100,6.1NRT,298.68,223.24,N
-16.22899,137.48538,334.03,1.26,1.11,2021-12-10,1628,Aqua,MODIS,100,6.1NRT,292.23,46.1,N
-16.22745,137.47368,309.69,1.26,1.11,2021-12-10,1628,Aqua,MODIS,78,6.1NRT,290.63,11.63,N
-18.4987,124.08201,313.84,3.64,1.79,2021-12-10,1630,Aqua,MODIS,87,6.1NRT,293.27,64.87,N
-20.76688,140.04346,305.54,2.18,1.43,2021-12-10,1630,Aqua,MODIS,65,6.1NRT,292.86,18.89,N
-20.76463,140.02281,307.55,2.17,1.43,2021-12-10,1630,Aqua,MODIS,72,6.1NRT,293.22,23.32,N
-20.65285,140.06592,313.13,2.18,1.43,2021-12-10,1630,Aqua,MODIS,86,6.1NRT,294.79,32.3,N
-20.6257,140.05359,308.31,2.17,1.43,2021-12-10,1630,Aqua,MODIS,74,6.1NRT,294.99,22.84,N
-20.62481,140.04843,306.4,2.17,1.43,2021-12-10,1630,Aqua,MODIS,68,6.1NRT,294.89,19.92,N
-20.63993,140.06766,311.44,2.18,1.43,2021-12-10,1630,Aqua,MODIS,83,6.1NRT,294.51,28.86,N
-20.65064,140.04524,322.81,2.17,1.43,2021-12-10,1630,Aqua,MODIS,100,6.1NRT,295.87,59.16,N
-20.63773,140.04691,327.6,2.17,1.43,2021-12-10,1630,Aqua,MODIS,100,6.1NRT,296.21,76.28,N
-18.5077,124.07538,313.67,3.64,1.79,2021-12-10,1630,Aqua,MODIS,87,6.1NRT,293.18,64.72,N
-18.51465,124.07861,304.44,3.64,1.79,2021-12-10,1630,Aqua,MODIS,56,6.1NRT,292.91,23.71,N
-28.10415,122.17098,321.6,3,1.65,2021-12-10,1632,Aqua,MODIS,100,6.1NRT,294.73,89.05,N
-29.7158,123.13607,308.14,2.37,1.49,2021-12-10,1632,Aqua,MODIS,74,6.1NRT,293.38,22.34,N
-28.10431,122.16615,323.84,3,1.65,2021-12-10,1632,Aqua,MODIS,100,6.1NRT,294.74,101.44,N
-29.72704,123.15067,303.32,2.36,1.48,2021-12-10,1632,Aqua,MODIS,54,6.1NRT,293.29,13.38,N
-20.99631,117.18354,313.2,3.02,1.65,2021-12-10,1808,Aqua,MODIS,87,6.1NRT,290.88,52.5,N
-20.998,117.19076,307.08,3.02,1.65,2021-12-10,1808,Aqua,MODIS,58,6.1NRT,291.57,31.4,N
